{"learner":{"attributes":{"best_iteration":"9","best_ntree_limit":"10"},"feature_names":[],"feature_types":[],"gradient_booster":{"model":{"gbtree_model_param":{"num_parallel_tree":"1","num_trees":"20","size_leaf_vector":"0"},"tree_info":[0,1,0,1,0,1,0,1,0,1,0,1,0,1,0,1,0,1,0,1],"trees":[{"base_weights":[-0E0,9E-1,-8.6538464E-1,-6.666667E-1,9.791667E-1,7.1428573E-1,-9.59596E-1,-9.7938144E-1,-0E0],"categories":[],"categories_nodes":[],"categories_segments":[],"categories_sizes":[],"default_left":[1,1,1,0,0,0,1,0,0],"id":0,"left_children":[1,3,5,-1,-1,-1,7,-1,-1],"loss_changes":[7.944231E1,6.854164E0,8.424213E0,0E0,0E0,0E0,9.398117E-1,0E0,0E0],"parents":[2147483647,0,0,1,1,2,2,6,6],"right_children":[2,4,6,-1,-1,-1,8,-1,-1],"split_conditions":[6E1,4.6E1,8.2E1,-2.0000002E-1,2.9375002E-1,2.1428573E-1,1.035E2,-2.9381445E-1,-0E0],"split_indices":[2021,132,312,0,0,0,23,0,0],"split_type":[0,0,0,0,0,0,0,0,0],"sum_hessian":[1E2,4.9E1,5.1E1,2E0,4.7E1,2.5E0,4.85E1,4.75E1,1E0],"tree_param":{"num_deleted":"0","num_feature":"3333","num_nodes":"9","size_leaf_vector":"0"}},{"base_weights":[-0E0,-9E-1,8.6538464E-1,6.666667E-1,-9.791667E-1,-7.1428573E-1,9.59596E-1,9.7938144E-1,-0E0],"categories":[],"categories_nodes":[],"categories_segments":[],"categories_sizes":[],"default_left":[1,1,1,0,0,0,1,0,0],"id":1,"left_children":[1,3,5,-1,-1,-1,7,-1,-1],"loss_changes":[7.944231E1,6.854164E0,8.424213E0,0E0,0E0,0E0,9.398117E-1,0E0,0E0],"parents":[2147483647,0,0,1,1,2,2,6,6],"right_children":[2,4,6,-1,-1,-1,8,-1,-1],"split_conditions":[6E1,4.6E1,8.2E1,2.0000002E-1,-2.9375002E-1,-2.1428573E-1,1.035E2,2.9381445E-1,-0E0],"split_indices":[2021,132,312,0,0,0,23,0,0],"split_type":[0,0,0,0,0,0,0,0,0],"sum_hessian":[1E2,4.9E1,5.1E1,2E0,4.7E1,2.5E0,4.85E1,4.75E1,1E0],"tree_param":{"num_deleted":"0","num_feature":"3333","num_nodes":"9","size_leaf_vector":"0"}},{"base_weights":[1.3631223E-4,6.93711E-1,-6.6564566E-1,-5.4935044E-1,7.602456E-1,5.8204585E-1,-7.437249E-1,-7.603912E-1,-0E0],"categories":[],"categories_nodes":[],"categories_segments":[],"categories_sizes":[],"default_left":[1,1,1,0,0,0,1,0,0],"id":2,"left_children":[1,3,5,-1,-1,-1,7,-1,-1],"loss_changes":[4.34534E1,4.229496E0,5.1102524E0,0E0,0E0,0E0,5.6552315E-1,0E0,0E0],"parents":[2147483647,0,0,1,1,2,2,6,6],"right_children":[2,4,6,-1,-1,-1,8,-1,-1],"split_conditions":[6E1,4.6E1,8.2E1,-1.6480514E-1,2.280737E-1,1.7461376E-1,1.035E2,-2.2811736E-1,-0E0],"split_indices":[2021,132,312,0,0,0,23,0,0],"split_type":[0,0,0,0,0,0,0,0,0],"sum_hessian":[9.210193E1,4.5088886E1,4.7013046E1,1.9220859E0,4.31668E1,2.388629E0,4.4624416E1,4.3624416E1,1E0],"tree_param":{"num_deleted":"0","num_feature":"3333","num_nodes":"9","size_leaf_vector":"0"}},{"base_weights":[-1.3625076E-4,-6.937109E-1,6.656457E-1,5.493505E-1,-7.602455E-1,-5.8204585E-1,7.4372494E-1,7.6039124E-1,-0E0],"categories":[],"categories_nodes":[],"categories_segments":[],"categories_sizes":[],"default_left":[1,1,1,0,0,0,1,0,0],"id":3,"left_children":[1,3,5,-1,-1,-1,7,-1,-1],"loss_changes":[4.34534E1,4.229498E0,5.1102543E0,0E0,0E0,0E0,5.6552124E-1,0E0,0E0],"parents":[2147483647,0,0,1,1,2,2,6,6],"right_children":[2,4,6,-1,-1,-1,8,-1,-1],"split_conditions":[6E1,4.6E1,8.2E1,1.6480516E-1,-2.2807366E-1,-1.7461376E-1,1.035E2,2.2811738E-1,-0E0],"split_indices":[2021,132,312,0,0,0,23,0,0],"split_type":[0,0,0,0,0,0,0,0,0],"sum_hessian":[9.210193E1,4.5088886E1,4.7013046E1,1.922086E0,4.31668E1,2.388629E0,4.4624416E1,4.3624416E1,1E0],"tree_param":{"num_deleted":"0","num_feature":"3333","num_nodes":"9","size_leaf_vector":"0"}},{"base_weights":[2.078635E-4,6.165064E-1,-5.573834E-1,-4.0253344E-1,6.6266954E-1,5.2573377E-1,-6.509532E-1,-1.2078438E-1,-6.639607E-1],"categories":[],"categories_nodes":[],"categories_segments":[],"categories_sizes":[],"default_left":[1,1,1,0,0,0,1,0,0],"id":4,"left_children":[1,3,5,-1,-1,-1,7,-1,-1],"loss_changes":[2.739421E1,2.0479984E0,4.5838175E0,0E0,0E0,0E0,1.8855286E-1,0E0,0E0],"parents":[2147483647,0,0,1,1,2,2,6,6],"right_children":[2,4,6,-1,-1,-1,8,-1,-1],"split_conditions":[5.7E1,5.05E1,6.9E1,-1.2076004E-1,1.9880088E-1,1.5772013E-1,2.5E1,-3.6235314E-2,-1.9918822E-1],"split_indices":[1131,132,3120,0,0,0,130,0,0],"split_type":[0,0,0,0,0,0,0,0,0],"sum_hessian":[7.771718E1,3.686505E1,4.085213E1,1.2630806E0,3.560197E1,2.8812768E0,3.797085E1,1.1556058E0,3.6815247E1],"tree_param":{"num_deleted":"0","num_feature":"3333","num_nodes":"9","size_leaf_vector":"0"}},{"base_weights":[-2.0779193E-4,-6.165064E-1,5.573835E-1,4.0253347E-1,-6.6266954E-1,-5.2573377E-1,6.5095323E-1,1.2078443E-1,6.6396075E-1],"categories":[],"categories_nodes":[],"categories_segments":[],"categories_sizes":[],"default_left":[1,1,1,0,0,0,1,0,0],"id":5,"left_children":[1,3,5,-1,-1,-1,7,-1,-1],"loss_changes":[2.7394215E1,2.0479984E0,4.5838175E0,0E0,0E0,0E0,1.8855476E-1,0E0,0E0],"parents":[2147483647,0,0,1,1,2,2,6,6],"right_children":[2,4,6,-1,-1,-1,8,-1,-1],"split_conditions":[5.7E1,5.05E1,6.9E1,1.20760046E-1,-1.9880088E-1,-1.5772013E-1,2.5E1,3.6235332E-2,1.9918823E-1],"split_indices":[1131,132,3120,0,0,0,130,0,0],"split_type":[0,0,0,0,0,0,0,0,0],"sum_hessian":[7.7717186E1,3.686505E1,4.0852135E1,1.2630807E0,3.560197E1,2.881277E0,3.797086E1,1.155606E0,3.6815254E1],"tree_param":{"num_deleted":"0","num_feature":"3333","num_nodes":"9","size_leaf_vector":"0"}},{"base_weights":[1.7024226E-4,5.8761024E-1,-4.7800028E-1,5.9905845E-1,1.3622892E-1,3.5635537E-1,-5.7241637E-1,4.3469742E-1,5.355882E-2,1.9149372E-1,-6.05122E-1],"categories":[],"categories_nodes":[],"categories_segments":[],"categories_sizes":[],"default_left":[1,1,1,0,0,1,1,0,0,0,0],"id":6,"left_children":[1,3,5,-1,-1,7,9,-1,-1,-1,-1],"loss_changes":[1.829344E1,6.940365E-2,3.0322056E0,0E0,0E0,7.7914536E-2,9.3125725E-1,0E0,0E0,0E0,0E0],"parents":[2147483647,0,0,1,1,2,2,5,5,6,6],"right_children":[2,4,6,-1,-1,8,10,-1,-1,-1,-1],"split_conditions":[7E1,1.07E2,6.8E1,1.7971754E-1,4.0868677E-2,1.14E2,6.2E1,1.3040923E-1,1.6067646E-2,5.744812E-2,-1.8153661E-1],"split_indices":[202,312,3120,0,0,10,302,0,0,0,0],"split_type":[0,0,0,0,0,0,0,0,0,0,0],"sum_hessian":[6.3125263E1,2.8223444E1,3.4901817E1,2.7206257E1,1.0171875E0,3.2659838E0,3.1635834E1,2.2485988E0,1.0173851E0,1.0995047E0,3.053633E1],"tree_param":{"num_deleted":"0","num_feature":"3333","num_nodes":"11","size_leaf_vector":"0"}},{"base_weights":[-1.7020044E-4,-5.876102E-1,4.7800028E-1,-5.990584E-1,-1.3622892E-1,-3.563553E-1,5.7241637E-1,-4.3469736E-1,-5.3558793E-2,-1.9149372E-1,6.05122E-1],"categories":[],"categories_nodes":[],"categories_segments":[],"categories_sizes":[],"default_left":[1,1,1,0,0,1,1,0,0,0,0],"id":7,"left_children":[1,3,5,-1,-1,7,9,-1,-1,-1,-1],"loss_changes":[1.8293436E1,6.9402695E-2,3.0322065E0,0E0,0E0,7.7914536E-2,9.312563E-1,0E0,0E0,0E0,0E0],"parents":[2147483647,0,0,1,1,2,2,5,5,6,6],"right_children":[2,4,6,-1,-1,8,10,-1,-1,-1,-1],"split_conditions":[7E1,1.07E2,6.8E1,-1.7971753E-1,-4.0868677E-2,1.14E2,6.2E1,-1.3040921E-1,-1.6067639E-2,-5.744812E-2,1.8153661E-1],"split_indices":[202,312,3120,0,0,10,302,0,0,0,0],"split_type":[0,0,0,0,0,0,0,0,0,0,0],"sum_hessian":[6.3125256E1,2.8223442E1,3.4901814E1,2.7206253E1,1.0171875E0,3.2659836E0,3.1635832E1,2.2485986E0,1.017385E0,1.0995047E0,3.0536327E1],"tree_param":{"num_deleted":"0","num_feature":"3333","num_nodes":"11","size_leaf_vector":"0"}},{"base_weights":[3.962033E-3,4.5318642E-1,-5.310843E-1,-2.3878302E-1,5.678962E-1,5.3048965E-2,-5.6199634E-1,-4.4071007E-1,1.9218716E-1],"categories":[],"categories_nodes":[],"categories_segments":[],"categories_sizes":[],"default_left":[1,1,1,1,0,0,0,0,0],"id":8,"left_children":[1,3,5,7,-1,-1,-1,-1,-1],"loss_changes":[1.2622343E1,2.4011722E0,4.6266127E-1,4.9917185E-1,0E0,0E0,0E0,0E0,0E0],"parents":[2147483647,0,0,1,1,2,2,3,3],"right_children":[2,4,6,8,-1,-1,-1,-1,-1],"split_conditions":[6.75E1,4.25E1,8.8E1,8.85E1,1.7036887E-1,1.591469E-2,-1.685989E-1,-1.3221303E-1,5.765615E-2],"split_indices":[2021,1102,312,13,0,0,0,0,0],"split_type":[0,0,0,0,0,0,0,0,0],