assembly_accession	bioproject	biosample	wgs_master	refseq_category	taxid	species_taxid	organism_name	infraspecific_name	isolate	version_status	assembly_level	release_type	genome_rep	seq_rel_date	asm_name	asm_submitter	gbrs_paired_asm	paired_asm_comp	ftp_path	excluded_from_refseq	relation_to_type_material	asm_not_live_date	assembly_type	group	genome_size	genome_size_ungapped	gc_percent	replicon_count	scaffold_count	contig_count	annotation_provider	annotation_name	annotation_date	total_gene_count	protein_coding_gene_count	non_coding_gene_count	pubmed_id	domain	kingdom	phylum	class	order	family	genus	suborder	subclass	clade	no rank	species group	species subgroup	species	subfamily	tribe	subspecies	serotype	forma specialis	pathogroup	strain	subgenus
GCF_001189295.1	PRJNA224116	SAMN03651481	na	reference genome	52	52	Chondromyces crocatus	strain=Cm c5	na	latest	Complete Genome	Major	Full	2015-07-30	ASM118929v1	Helmholtz Centre for Infection Research	GCA_001189295.1	identical	https://ftp.ncbi.nlm.nih.gov/genomes/all/GCF/001/189/295/GCF_001189295.1_ASM118929v1	na	assembly from type material	na        	haploid	bacteria	11388132	11388132	68.5	1	1	1	NCBI RefSeq	GCF_001189295.1-RS_2024_05_02	2024-05-02	8280	8124	108	na	Bacteria	Pseudomonadati	Myxococcota		Polyangiales	Polyangiaceae	Chondromyces		Polyangia													
GCF_002343915.1	PRJNA224116	SAMN06167144	NETK00000000.1	reference genome	54	54	Nannocystis exedens	strain=DSM 71	na	latest	Contig	Major	Full	2017-09-22	ASM234391v1	Max-Planck Institute for terrestrial Microbiology	GCA_002343915.1	identical	https://ftp.ncbi.nlm.nih.gov/genomes/all/GCF/002/343/915/GCF_002343915.1_ASM234391v1	na	assembly from type material	na        	haploid	bacteria	12059053	12059053	72.0	0	2	2	NCBI RefSeq	GCF_002343915.1-RS_2024_03_28	2024-03-28	9483	9350	94	na	Bacteria	Pseudomonadati	Myxococcota		Nannocystales	Nannocystaceae	Nannocystis		Polyangia													
GCF_002028405.1	PRJNA224116	SAMN06197299	na	reference genome	926	926	Thiomonas intermedia	strain=ATCC 15466	na	latest	Complete Genome	Major	Full	2017-03-15	ASM202840v1	China University of Petroleum	GCA_002028405.1	identical	https://ftp.ncbi.nlm.nih.gov/genomes/all/GCF/002/028/405/GCF_002028405.1_ASM202840v1	na	assembly from type material	na        	haploid	bacteria	3343428	3343428	65.0	2	2	2	NCBI RefSeq	GCF_002028405.1-RS_2024_05_03	2024-05-03	3129	3051	49	na	Bacteria	Pseudomonadati	Pseudomonadota	Betaproteobacteria	Burkholderiales		Thiomonas				Burkholderiales genera incertae sedis											
GCF_001547975.1	PRJNA224116	SAMD00020876	na	reference genome	2094	2094	Mycoplasmopsis arginini	strain=HAZ145_1	Mycoplasma arginini #HAZ145_1	latest	Complete Genome	Major	Full	2015-02-25	ASM154797v1	National Institute of Animal Health, National Agriculture and Food Research Organization	GCA_001547975.1	identical	https://ftp.ncbi.nlm.nih.gov/genomes/all/GCF/001/547/975/GCF_001547975.1_ASM154797v1	na	na	na        	haploid	bacteria	678592	678592	26.5	1	1	1	NCBI RefSeq	NCBI Prokaryotic Genome Annotation Pipeline (PGAP)	2024-02-28	632	589	40	25883285	Bacteria	Bacillati	Mycoplasmatota		Mycoplasmoidales	Metamycoplasmataceae	Mycoplasmopsis															
GCF_900476085.1	PRJNA224116	SAMEA4384242	na	reference genome	2096	2096	Mycoplasmoides gallisepticum	strain=NCTC10115	na	latest	Complete Genome	Major	Full	2018-08-19	50569_G01	SC	GCA_900476085.1	identical	https://ftp.ncbi.nlm.nih.gov/genomes/all/GCF/900/476/085/GCF_900476085.1_50569_G01	na	assembly from type material	na        	haploid	bacteria	981408	981408	31.5	1	1	1	NCBI RefSeq	NCBI Prokaryotic Genome Annotation Pipeline (PGAP)	2024-02-26	797	731	41	na	Bacteria	Bacillati	Mycoplasmatota		Mycoplasmoidales	Mycoplasmoidaceae	Mycoplasmoides															
GCF_900476065.1	PRJNA224116	SAMEA4384243	na	reference genome	2100	2100	Mesomycoplasma hyorhinis	strain=NCTC10130	na	latest	Complete Genome	Major	Full	2018-08-19	50465_F02	SC	GCA_900476065.1	identical	https://ftp.ncbi.nlm.nih.gov/genomes/all/GCF/900/476/065/GCF_900476065.1_50465_F02	na	assembly from type material	na        	haploid	bacteria	838863	838863	26.0	1	1	1	NCBI RefSeq	GCF_900476065.1-RS_2024_03_21	2024-03-21	750	687	36	na	Bacteria	Bacillati	Mycoplasmatota		Mycoplasmoidales	Metamycoplasmataceae	Mesomycoplasma															
GCF_900660465.1	PRJNA224116	SAMEA4384307	na	reference genome	2104	2104	Mycoplasmoides pneumoniae	strain=NCTC10119	na	latest	Complete Genome	Major	Full	2019-01-29	50648_A01-3	SC	GCA_900660465.1	identical	https://ftp.ncbi.nlm.nih.gov/genomes/all/GCF/900/660/465/GCF_900660465.1_50648_A01-3	na	assembly from type material	na        	haploid	bacteria	823017	823017	40.0	2	2	2	NCBI RefSeq	NCBI Prokaryotic Genome Annotation Pipeline (PGAP)	2024-02-26	783	689	42	na	Bacteria	Bacillati	Mycoplasmatota		Mycoplasmoidales	Mycoplasmoidaceae	Mycoplasmoides															
GCF_900660575.1	PRJNA224116	SAMEA4434529	na	reference genome	2107	2107	Mycoplasmopsis pulmonis	strain=NCTC10139	na	latest	Complete Genome	Major	Full	2019-01-29	51342_D01-3	SC	GCA_900660575.1	identical	https://ftp.ncbi.nlm.nih.gov/genomes/all/GCF/900/660/575/GCF_900660575.1_51342_D01-3	na	assembly from type material	na        	haploid	bacteria	962791	962791	26.5	2	2	2	NCBI RefSeq	NCBI Prokaryotic Genome Annotation Pipeline (PGAP)	2024-02-28	799	756	36	na	Bacteria	Bacillati	Mycoplasmatota		Mycoplasmoidales	Metamycoplasmataceae	Mycoplasmopsis															
GCF_900660715.1	PRJNA224116	SAMEA104224774	na	reference genome	2111	2111	Metamycoplasma arthritidis	strain=NCTC10162	na	latest	Complete Genome	Major	Full	2019-01-29	57675_H02-3	SC	GCA_900660715.1	identical	https://ftp.ncbi.nlm.nih.gov/genomes/all/GCF/900/660/715/GCF_900660715.1_57675_H02-3	na	assembly from type material	na        	haploid	bacteria	806209	806209	30.5	1	1	1	NCBI RefSeq	GCF_900660715.1-RS_2024_04_30	2024-04-30	649	606	39	na	Bacteria	Bacillati	Mycoplasmatota		Mycoplasmoidales	Metamycoplasmataceae	Metamycoplasma															
GCF_900660525.1	PRJNA224116	SAMEA4434524	na	reference genome	2112	2112	Mycoplasmopsis bovigenitalium	strain=NCTC10122	na	latest	Complete Genome	Major	Full	2019-01-29	50861_G01-3	SC	GCA_900660525.1	identical	https://ftp.ncbi.nlm.nih.gov/genomes/all/GCF/900/660/525/GCF_900660525.1_50861_G01-3	na	assembly from type material	na        	haploid	bacteria	841512	841512	29.0	1	1	1	NCBI RefSeq	NCBI Prokaryotic Genome Annotation Pipeline (PGAP)	2024-02-28	740	694	40	na	Bacteria	Bacillati	Mycoplasmatota		Mycoplasmoidales	Metamycoplasmataceae	Mycoplasmopsis															
GCF_000695835.1	PRJNA224116	SAMN02708703	na	reference genome	2113	2113	Mycoplasmopsis californica	strain=ST-6	na	latest	Complete Genome	Major	Full	2014-05-27	ASM69583v1	University of Missouri - Columbia	GCA_000695835.1	identical	https://ftp.ncbi.nlm.nih.gov/genomes/all/GCF/000/695/835/GCF_000695835.1_ASM69583v1	na	assembly from type material	na        	haploid	bacteria	793841	793841	31.0	1	1	1	NCBI RefSeq	NCBI Prokaryotic Genome Annotation Pipeline (PGAP)	2024-02-28	686	641	40	24994797	Bacteria	Bacillati	Mycoplasmatota		Mycoplasmoidales	Metamycoplasmataceae	Mycoplasmopsis															
GCF_900660615.1	PRJNA224116	SAMEA4412702	na	reference genome	2116	2116	Malacoplasma iowae	strain=NCTC10185	na	latest	Complete Genome	Major	Full	2019-01-29	51670_F01-3	SC	GCA_900660615.1	identical	https://ftp.ncbi.nlm.nih.gov/genomes/all/GCF/900/660/615/GCF_900660615.1_51670_F01-3	na	assembly from type material	na        	haploid	bacteria	1278574	1278574	24.5	1	1	1	NCBI RefSeq	NCBI Prokaryotic Genome Annotation Pipeline (PGAP)	2024-01-16	1034	993	35	na	Bacteria	Bacillati	Mycoplasmatota		Mycoplasmoidales	Mycoplasmoidaceae	Malacoplasma															
GCF_900660485.1	PRJNA224116	SAMEA4412700	na	reference genome	2120	2120	Mesomycoplasma neurolyticum	strain=NCTC10166	na	latest	Complete Genome	Major	Full	2019-01-29	50648_E01-3	SC	GCA_900660485.1	identical	https://ftp.ncbi.nlm.nih.gov/genomes/all/GCF/900/660/485/GCF_900660485.1_50648_E01-3	na	assembly from type material	na        	haploid	bacteria	1040908	1040908	23.0	4	4	4	NCBI RefSeq	NCBI Prokaryotic Genome Annotation Pipeline (PGAP)	2024-02-28	909	863	36	na	Bacteria	Bacillati	Mycoplasmatota		Mycoplasmoidales	Metamycoplasmataceae	Mesomycoplasma															
GCF_900660435.1	PRJNA224116	SAMEA4384073	na	reference genome	2121	2121	Metamycoplasma orale	strain=NCTC10112	na	latest	Complete Genome	Major	Full	2019-01-29	50465_D02-3	SC	GCA_900660435.1	identical	https://ftp.ncbi.nlm.nih.gov/genomes/all/GCF/900/660/435/GCF_900660435.1_50465_D02-3	na	assembly from type material	na        	haploid	bacteria	806218	806218	25.5	5	5	5	NCBI RefSeq	NCBI Prokaryotic Genome Annotation Pipeline (PGAP)	2024-02-26	734	670	41	na	Bacteria	Bacillati	Mycoplasmatota		Mycoplasmoidales	Metamycoplasmataceae	Metamycoplasma															
GCF_900660445.2	PRJNA224116	SAMEA4412694	na	reference genome	2124	2124	Metamycoplasma salivarium	strain=NCTC10113	na	latest	Complete Genome	Major	Full	2020-12-17	GCA_900660445	SC	GCA_900660445.2	identical	https://ftp.ncbi.nlm.nih.gov/genomes/all/GCF/900/660/445/GCF_900660445.2_GCA_900660445	na	assembly from type material	na        	haploid	bacteria	728347	728347	26.5	1	1	1	NCBI RefSeq	GCF_900660445.2-RS_2024_04_30	2024-04-30	653	605	39	na	Bacteria	Bacillati	Mycoplasmatota		Mycoplasmoidales	Metamycoplasmataceae	Metamycoplasma															
GCF_002020255.1	PRJNA224116	SAMN06016253	MPQG00000000.1	reference genome	2340	2340	Solemya velum gill symbiont	na	RI-PJ48	latest	Contig	Major	Full	2017-03-06	ASM202025v1	Harvard University	GCA_002020255.1	identical	https://ftp.ncbi.nlm.nih.gov/genomes/all/GCF/002/020/255/GCF_002020255.1_ASM202025v1	na	na	na        	haploid	bacteria	2629178	2629178	51.0	0	45	45	NCBI RefSeq	GCF_002020255.1-RS_2024_08_18	2024-08-18	2594	2518	48	na	Bacteria	Pseudomonadati	Pseudomonadota	Gammaproteobacteria						sulfur-oxidizing symbionts	Gammaproteobacteria incertae sedis											
GCF_918320885.1	PRJNA224116	SAMEA10450938	na	reference genome	2355	2355	unidentified bacterial endosymbiont	na	unidentified_bacterial_endosymbiont_Chironomus_riparius	latest	Complete Genome	Major	Full	2022-06-24	Harlequin_endosymbiont1	ROTHAMSTED RESEARCH	GCA_918320885.1	identical	https://ftp.ncbi.nlm.nih.gov/genomes/all/GCF/918/320/885/GCF_918320885.1_Harlequin_endosymbiont1	na	na	na        	haploid	bacteria	1661850	1661850	49.5	1	1	1	NCBI RefSeq	GCF_918320885.1-RS_2024_07_15	2024-07-15	1668	1532	56	na	Bacteria										unclassified Bacteria											
GCF_003711265.1	PRJNA224116	SAMN07956337	na	reference genome	2360	2360	Bathymodiolus thermophilus thioautotrophic gill symbiont	strain=EPR9N	na	latest	Complete Genome	Major	Full	2018-11-05	ASM371126v1	Ewha Womans University	GCA_003711265.1	identical	https://ftp.ncbi.nlm.nih.gov/genomes/all/GCF/003/711/265/GCF_003711265.1_ASM371126v1	na	na	na        	haploid	bacteria	2832685	2832685	38.5	1	1	1	NCBI RefSeq	GCF_003711265.1-RS_2024_03_31	2024-03-31	2221	2143	44	na	Bacteria	Pseudomonadati	Pseudomonadota	Gammaproteobacteria						sulfur-oxidizing symbionts	Gammaproteobacteria incertae sedis											
GCF_026914285.1	PRJNA224116	SAMN31840465	na	reference genome	29324	29324	Caldicellulosiruptor naganoensis	strain=DSM 8991	na	latest	Complete Genome	Major	Full	2022-12-15	ASM2691428v1	North Carolina State University	GCA_026914285.1	identical	https://ftp.ncbi.nlm.nih.gov/genomes/all/GCF/026/914/285/GCF_026914285.1_ASM2691428v1	na	assembly from type material	na        	haploid	bacteria	2494610	2494610	35.5	1	1	1	NCBI RefSeq	NCBI Prokaryotic Genome Annotation Pipeline (PGAP)	2024-02-25	2482	2297	59	na	Bacteria	Bacillati	Bacillota		Caldicellulosiruptorales	Caldicellulosiruptoraceae	Caldicellulosiruptor				Bacillota incertae sedis											
GCF_900660515.1	PRJNA224116	SAMEA4412696	na	reference genome	29553	29553	Mycoplasmopsis bovirhinis	strain=NCTC10118	na	latest	Complete Genome	Major	Full	2019-01-29	50766_E01-3	SC	GCA_900660515.1	identical	https://ftp.ncbi.nlm.nih.gov/genomes/all/GCF/900/660/515/GCF_900660515.1_50766_E01-3	na	assembly from type material	na        	haploid	bacteria	922012	922012	27.5	2	2	2	NCBI RefSeq	NCBI Prokaryotic Genome Annotation Pipeline (PGAP)	2024-02-28	790	745	42	na	Bacteria	Bacillati	Mycoplasmatota		Mycoplasmoidales	Metamycoplasmataceae	Mycoplasmopsis															
GCF_000828855.1	PRJNA224116	SAMD00019276	na	reference genome	29554	29554	Metamycoplasma canadense	strain=HAZ360_1	Mycoplasma canadense #HAZ360_1	latest	Complete Genome	Major	Full	2014-08-27	ASM82885v1	National Institute of Animal Health, National Agriculture and Food Research Organization	GCA_000828855.1	identical	https://ftp.ncbi.nlm.nih.gov/genomes/all/GCF/000/828/855/GCF_000828855.1_ASM82885v1	na	na	na        	haploid	bacteria	693241	693241	24.5	1	1	1	NCBI RefSeq	GCF_000828855.1-RS_2024_04_30	2024-04-30	587	543	41	25278531	Bacteria	Bacillati	Mycoplasmatota		Mycoplasmoidales	Metamycoplasmataceae	Metamycoplasma															
GCF_900660495.1	PRJNA224116	SAMEA4412701	na	reference genome	29556	29556	Mycoplasmopsis gallinacea	strain=NCTC10183	na	latest	Complete Genome	Major	Full	2019-01-29	50648_F01-3	SC	GCA_900660495.1	identical	https://ftp.ncbi.nlm.nih.gov/genomes/all/GCF/900/660/495/GCF_900660495.1_50648_F01-3	na	assembly from type material	na        	haploid	bacteria	1074838	1074838	28.5	1	1	1	NCBI RefSeq	NCBI Prokaryotic Genome Annotation Pipeline (PGAP)	2024-02-28	837	777	42	na	Bacteria	Bacillati	Mycoplasmatota		Mycoplasmoidales	Metamycoplasmataceae	Mycoplasmopsis															
GCF_024297005.1	PRJNA224116	SAMN29626321	na	reference genome	29559	29559	Metamycoplasma hyosynoviae	strain=B1	na	latest	Complete Genome	Major	Full	2022-07-17	ASM2429700v1	Institute of Microbiology	GCA_024297005.1	identical	https://ftp.ncbi.nlm.nih.gov/genomes/all/GCF/024/297/005/GCF_024297005.1_ASM2429700v1	na	na	na        	haploid	bacteria	889181	889181	27.0	1	1	1	NCBI RefSeq	GCF_024297005.1-RS_2024_07_25	2024-07-25	738	688	40	na	Bacteria	Bacillati	Mycoplasmatota		Mycoplasmoidales	Metamycoplasmataceae	Metamycoplasma															
GCF_900660695.1	PRJNA224116	SAMEA104210790	na	reference genome	29561	29561	Mycoplasmopsis meleagridis	strain=NCTC10153	na	latest	Complete Genome	Major	Full	2019-01-29	57612_E01-3	SC	GCA_900660695.1	identical	https://ftp.ncbi.nlm.nih.gov/genomes/all/GCF/900/660/695/GCF_900660695.1_57612_E01-3	na	assembly from type material	na        	haploid	bacteria	644173	644173	26.0	1	1	1	NCBI RefSeq	NCBI Prokaryotic Genome Annotation Pipeline (PGAP)	2024-02-28	562	519	42	na	Bacteria	Bacillati	Mycoplasmatota		Mycoplasmoidales	Metamycoplasmataceae	Mycoplasmopsis															
GCF_002272945.1	PRJNA224116	SAMN07498192	NQMN00000000.1	reference genome	33922	33922	Mycoplasmopsis agassizii	strain=PS6	na	latest	Scaffold	Major	Full	2017-08-28	ASM227294v1	University of Nevada, Reno	GCA_002272945.1	identical	https://ftp.ncbi.nlm.nih.gov/genomes/all/GCF/002/272/945/GCF_002272945.1_ASM227294v1	na	assembly from type material	na        	haploid	bacteria	1274972	1274468	28.5	0	8	8	NCBI RefSeq	NCBI Prokaryotic Genome Annotation Pipeline (PGAP)	2024-02-28	1035	996	35	na	Bacteria	Bacillati	Mycoplasmatota		Mycoplasmoidales	Metamycoplasmataceae	Mycoplasmopsis															
GCF_034647275.2	PRJNA224116	SAMN37528871	na	reference genome	33923	33923	Mycoplasmopsis felis	strain=99751	na	latest	Chromosome	Major	Full	2024-03-13	ASM3464727v2	University of Guelph	GCA_034647275.2	identical	https://ftp.ncbi.nlm.nih.gov/genomes/all/GCF/034/647/275/GCF_034647275.2_ASM3464727v2	na	na	na        	haploid	bacteria	958349	957462	24.5	1	1	1	NCBI RefSeq	GCF_034647275.2-RS_2024_03_21	2024-03-21	827	786	39	na	Bacteria	Bacillati	Mycoplasmatota		Mycoplasmoidales	Metamycoplasmataceae	Mycoplasmopsis															
GCF_036352135.1	PRJNA224116	SAMN39641581	na	reference genome	35769	35769	Metamycoplasma gateae	strain=3700	na	latest	Complete Genome	Major	Full	2024-02-04	ASM3635213v1	Institute of Microbiology	GCA_036352135.1	identical	https://ftp.ncbi.nlm.nih.gov/genomes/all/GCF/036/352/135/GCF_036352135.1_ASM3635213v1	na	na	na        	haploid	bacteria	689432	689432	26.0	1	1	1	NCBI RefSeq	NCBI Prokaryotic Genome Annotation Pipeline (PGAP)	2024-02-05	625	581	41	na	Bacteria	Bacillati	Mycoplasmatota		Mycoplasmoidales	Metamycoplasmataceae	Metamycoplasma															
GCF_018604565.1	PRJNA224116	SAMN19315242	na	reference genome	41170	41170	Exiguobacterium acetylicum	strain=SI17	na	latest	Complete Genome	Major	Full	2021-06-01	ASM1860456v1	Institute of Fruit Tree Research	GCA_018604565.1	identical	https://ftp.ncbi.nlm.nih.gov/genomes/all/GCF/018/604/565/GCF_018604565.1_ASM1860456v1	na	na	na        	haploid	bacteria	3396606	3396606	47.0	5	5	5	NCBI RefSeq	GCF_018604565.1-RS_2024_04_27	2024-04-27	3553	3428	101	na	Bacteria	Bacillati	Bacillota	Bacilli	Bacillales		Exiguobacterium				Bacillales Family XII. Incertae Sedis											
GCF_000941095.1	PRJNA224116	SAMN03153602	na	reference genome	42094	42094	Ureaplasma diversum	strain=ATCC 49782	na	latest	Chromosome	Major	Full	2015-03-04	ASM94109v1	ureaplasma diversum USP-UFBA-Purdue University	GCA_000941095.1	identical	https://ftp.ncbi.nlm.nih.gov/genomes/all/GCF/000/941/095/GCF_000941095.1_ASM94109v1	na	na	na        	haploid	bacteria	973501	973100	28.0	1	1	1	NCBI RefSeq	NCBI Prokaryotic Genome Annotation Pipeline (PGAP)	2024-02-26	778	742	31	25883297	Bacteria	Bacillati	Mycoplasmatota		Mycoplasmoidales	Mycoplasmoidaceae	Ureaplasma															
GCF_000026765.1	PRJNA224116	SAMEA2272202	na	reference genome	45361	45361	Mesomycoplasma conjunctivae	strain=HRC/581T (NCTC10147)	na	latest	Chromosome	Major	Full	2009-06-16	ASM2676v1	Swiss Institute of Bioinformatics	GCA_000026765.1	identical	https://ftp.ncbi.nlm.nih.gov/genomes/all/GCF/000/026/765/GCF_000026765.1_ASM2676v1	na	assembly from type material	na        	haploid	bacteria	846214	844775	28.5	1	1	1	NCBI RefSeq	NCBI Prokaryotic Genome Annotation Pipeline (PGAP)	2024-02-28	702	666	34	na	Bacteria	Bacillati	Mycoplasmatota		Mycoplasmoidales	Metamycoplasmataceae	Mesomycoplasma															
GCF_900476125.1	PRJNA224116	SAMEA4434528	na	reference genome	45363	45363	Metamycoplasma alkalescens	strain=NCTC10135	na	latest	Complete Genome	Major	Full	2018-08-19	50861_F01	SC	GCA_900476125.1	identical	https://ftp.ncbi.nlm.nih.gov/genomes/all/GCF/900/476/125/GCF_900476125.1_50861_F01	na	assembly from type material	na        	haploid	bacteria	821059	821059	25.5	1	1	1	NCBI RefSeq	GCF_900476125.1-RS_2024_03_28	2024-03-28	698	653	42	na	Bacteria	Bacillati	Mycoplasmatota		Mycoplasmoidales	Metamycoplasmataceae	Metamycoplasma															
GCF_003096635.1	PRJNA224116	SAMN08769564	QEKV00000000.1	reference genome	46507	46507	Ezakiella coagulans	strain=DSM 20705	na	latest	Scaffold	Major	Full	2018-05-07	ASM309663v1	DOE Joint Genome Institute	GCA_003096635.1	identical	https://ftp.ncbi.nlm.nih.gov/genomes/all/GCF/003/096/635/GCF_003096635.1_ASM309663v1	na	assembly from type material	na        	haploid	bacteria	1806048	1805722	35.5	0	20	20	NCBI RefSeq	GCF_003096635.1-RS_2024_05_03	2024-05-03	1696	1609	57	na	Bacteria	Bacillati	Bacillota	Tissierellia			Ezakiella				Tissierellia incertae sedis											
GCF_006334135.1	PRJNA224116	SAMN08428818	PSYL00000000.1	reference genome	48003	48003	Mycoplasmopsis pullorum	strain=UBP17-163-51Cl1	na	latest	Scaffold	Major	Full	2019-06-12	ASM633413v1	Anses	GCA_006334135.1	identical	https://ftp.ncbi.nlm.nih.gov/genomes/all/GCF/006/334/135/GCF_006334135.1_ASM633413v1	na	na	na        	haploid	bacteria	953874	953288	29.0	0	63	63	NCBI RefSeq	NCBI Prokaryotic Genome Annotation Pipeline (PGAP)	2024-02-28	780	733	37	na	Bacteria	Bacillati	Mycoplasmatota		Mycoplasmoidales	Metamycoplasmataceae	Mycoplasmopsis															
GCF_900108595.1	PRJNA224116	SAMN05216581	na	reference genome	50340	50340	Pseudomonas fuscovaginae	strain=LMG 2158	na	latest	Chromosome	Major	Full	2016-10-27	IMG-taxon 2667527230 annotated assembly	DOE - JOINT GENOME INSTITUTE	GCA_900108595.1	identical	https://ftp.ncbi.nlm.nih.gov/genomes/all/GCF/900/108/595/GCF_900108595.1_IMG-taxon_2667527230_annotated_assembly	na	assembly from type material	na        	haploid	bacteria	6592354	6592254	61.5	1	1	1	NCBI RefSeq	NCBI Prokaryotic Genome Annotation Pipeline (PGAP)	2024-02-12	5867	5703	91	na																						
GCF_003253435.1	PRJNA224116	SAMN05421816	QKUB00000000.1	reference genome	51363	51363	Metamycoplasma auris	strain=ATCC 51348	na	latest	Scaffold	Major	Full	2018-06-19	ASM325343v1	DOE Joint Genome Institute	GCA_003253435.1	identical	https://ftp.ncbi.nlm.nih.gov/genomes/all/GCF/003/253/435/GCF_003253435.1_ASM325343v1	na	assembly from type material	na        	haploid	bacteria	750874	750107	27.0	0	39	39	NCBI RefSeq	GCF_003253435.1-RS_2024_08_07	2024-08-07	689	633	40	na	Bacteria	Bacillati	Mycoplasmatota		Mycoplasmoidales	Metamycoplasmataceae	Metamycoplasma															
GCF_900476105.1	PRJNA224116	SAMEA4434527	na	reference genome	53558	53558	Mycoplasmopsis edwardii	strain=NCTC10132	na	latest	Complete Genome	Major	Full	2018-08-19	51334_B01	SC	GCA_900476105.1	identical	https://ftp.ncbi.nlm.nih.gov/genomes/all/GCF/900/476/105/GCF_900476105.1_51334_B01	na	assembly from type material	na        	haploid	bacteria	832213	832213	28.0	1	1	1	NCBI RefSeq	NCBI Prokaryotic Genome Annotation Pipeline (PGAP)	2024-02-28	704	659	40	na	Bacteria	Bacillati	Mycoplasmatota		Mycoplasmoidales	Metamycoplasmataceae	Mycoplasmopsis															
GCF_003217575.1	PRJNA224116	SAMN09074800	QJTC00000000.1	reference genome	54067	54067	Xylophilus ampelinus	strain=CECT 7646	na	latest	Scaffold	Major	Full	2018-06-12	ASM321757v1	DOE Joint Genome Institute	GCA_003217575.1	identical	https://ftp.ncbi.nlm.nih.gov/genomes/all/GCF/003/217/575/GCF_003217575.1_ASM321757v1	na	assembly from type material	na        	haploid	bacteria	3731505	3730915	68.0	0	66	66	NCBI RefSeq	NCBI Prokaryotic Genome Annotation Pipeline (PGAP)	2024-01-17	3465	3278	45	na	Bacteria	Pseudomonadati	Pseudomonadota	Betaproteobacteria	Burkholderiales		Xylophilus				Burkholderiales genera incertae sedis											
GCF_001443665.1	PRJNA224116	SAMN03657162	LDXT00000000.1	reference genome	54398	54398	endosymbiont of Ridgeia piscesae	na	ind11	latest	Scaffold	Major	Full	2015-11-13	ASM144366v1	University of Victoria	GCA_001443665.1	identical	https://ftp.ncbi.nlm.nih.gov/genomes/all/GCF/001/443/665/GCF_001443665.1_ASM144366v1	na	na	na        	haploid	bacteria	3442017	3440917	59.0	0	86	97	NCBI RefSeq	NCBI Prokaryotic Genome Annotation Pipeline (PGAP)	2024-02-16	3193	3072	54	27316954	Bacteria	Pseudomonadati	Pseudomonadota	Gammaproteobacteria						sulfur-oxidizing symbionts	Gammaproteobacteria incertae sedis											
GCF_024498215.1	PRJNA224116	SAMN29927627	na	reference genome	55603	55603	Mycoplasmopsis caviae	strain=G122	na	latest	Complete Genome	Major	Full	2022-08-01	ASM2449821v1	Institute of Microbiology	GCA_024498215.1	identical	https://ftp.ncbi.nlm.nih.gov/genomes/all/GCF/024/498/215/GCF_024498215.1_ASM2449821v1	na	assembly from type material	na        	haploid	bacteria	1155014	1155014	28.0	1	1	1	NCBI RefSeq	NCBI Prokaryotic Genome Annotation Pipeline (PGAP)	2024-02-29	1126	1071	45	na	Bacteria	Bacillati	Mycoplasmatota		Mycoplasmoidales	Metamycoplasmataceae	Mycoplasmopsis															
GCF_039524575.1	PRJNA224116	SAMD00645044	BAAAGS000000000.1	reference genome	59917	59917	Saccharopolyspora spinosporotrichia	strain=JCM 10303	na	latest	Scaffold	Major	Full	2024-02-23	ASM3952457v1	WFCC-MIRCEN World Data Centre for Microorganisms (WDCM)	GCA_039524575.1	identical	https://ftp.ncbi.nlm.nih.gov/genomes/all/GCF/039/524/575/GCF_039524575.1_ASM3952457v1	na	assembly from type material	na        	haploid	bacteria	8141319	8141005	71.0	0	228	228	NCBI RefSeq	GCF_039524575.1-RS_2024_05_16	2024-05-16	7340	7111	59	30832757																						
GCF_001447195.1	PRJNA224116	SAMN03733419	LFRI00000000.1	reference genome	70584	70584	Aquabacterium parvum	strain=B6	na	latest	Contig	Major	Full	2015-11-20	ASM144719v1	Harbin Institute of Technology	GCA_001447195.1	identical	https://ftp.ncbi.nlm.nih.gov/genomes/all/GCF/001/447/195/GCF_001447195.1_ASM144719v1	na	assembly from type material	na        	haploid	bacteria	4592999	4592999	65.5	0	619	619	NCBI RefSeq	NCBI Prokaryotic Genome Annotation Pipeline (PGAP)	2023-12-10	4271	4050	69	26823591	Bacteria	Pseudomonadati	Pseudomonadota	Betaproteobacteria	Burkholderiales		Aquabacterium				Burkholderiales genera incertae sedis											
GCF_004362855.1	PRJNA224116	SAMN10866316	SNXW00000000.1	reference genome	70586	70586	Aquabacterium commune	strain=DSM 11901	na	latest	Scaffold	Major	Full	2019-03-22	ASM436285v1	DOE Joint Genome Institute	GCA_004362855.1	identical	https://ftp.ncbi.nlm.nih.gov/genomes/all/GCF/004/362/855/GCF_004362855.1_ASM436285v1	na	assembly from type material	na        	haploid	bacteria	4204494	4204303	66.5	0	39	39	NCBI RefSeq	GCF_004362855.1-RS_2024_04_19	2024-04-19	3742	3634	56	na	Bacteria	Pseudomonadati	Pseudomonadota	Betaproteobacteria	Burkholderiales		Aquabacterium				Burkholderiales genera incertae sedis											
GCF_900660635.1	PRJNA224116	SAMEA104167171	na	reference genome	76629	76629	Mycoplasmopsis gallopavonis	strain=NCTC10186	na	latest	Complete Genome	Major	Full	2019-01-29	56793_F01-3	SC	GCA_900660635.1	identical	https://ftp.ncbi.nlm.nih.gov/genomes/all/GCF/900/660/635/GCF_900660635.1_56793_F01-3	na	assembly from type material	na        	haploid	bacteria	1028044	1028044	27.5	4	4	4	NCBI RefSeq	NCBI Prokaryotic Genome Annotation Pipeline (PGAP)	2024-02-28	851	790	44	na	Bacteria	Bacillati	Mycoplasmatota		Mycoplasmoidales	Metamycoplasmataceae	Mycoplasmopsis															
GCF_016862055.1	PRJNA224116	SAMD00229059	BOMF00000000.1	reference genome	76756	76756	Actinoplanes capillaceus	strain=NBRC 16408	na	latest	Contig	Major	Full	2021-01-29	ASM1686205v1	Biological Resource Center, National Institute of Technology and Evaluation (NBRC)	GCA_016862055.1	identical	https://ftp.ncbi.nlm.nih.gov/genomes/all/GCF/016/862/055/GCF_016862055.1_ASM1686205v1	na	assembly from type material	na        	haploid	bacteria	9722078	9722078	71.0	0	220	220	NCBI RefSeq	GCF_016862055.1-RS_2024_09_02	2024-09-02	8980	8773	89	na																						
GCF_000941075.1	PRJNA224116	SAMN03379857	na	reference genome	86660	86660	Mesomycoplasma dispar	strain=ATCC 27140	na	latest	Complete Genome	Major	Full	2015-03-04	ASM94107v1	University of Missouri - Columbia	GCA_000941075.1	identical	https://ftp.ncbi.nlm.nih.gov/genomes/all/GCF/000/941/075/GCF_000941075.1_ASM94107v1	na	assembly from type material	na        	haploid	bacteria	1084449	1084449	29.0	1	1	1	NCBI RefSeq	NCBI Prokaryotic Genome Annotation Pipeline (PGAP)	2024-02-26	798	754	37	na	Bacteria	Bacillati	Mycoplasmatota		Mycoplasmoidales	Metamycoplasmataceae	Mesomycoplasma															
GCF_003285045.1	PRJNA224116	SAMN09469947	na	reference genome	92400	92400	[Mycoplasma] anseris	strain=ATCC 49234	na	latest	Complete Genome	Major	Full	2018-07-01	ASM328504v1	Centre for Agricultural Research, Hungarian Academy of Sciences	GCA_003285045.1	identical	https://ftp.ncbi.nlm.nih.gov/genomes/all/GCF/003/285/045/GCF_003285045.1_ASM328504v1	na	assembly from type material	na        	haploid	bacteria	750009	750009	26.5	1	1	1	NCBI RefSeq	GCF_003285045.1-RS_2024_08_26	2024-08-26	658	615	41	30533671	Bacteria	Bacillati	Mycoplasmatota		Mycoplasmoidales	Metamycoplasmataceae	Metamycoplasma															
GCF_003269445.1	PRJNA224116	SAMN09237270	na	reference genome	92401	92401	Metamycoplasma cloacale	strain=NCTC 10199	na	latest	Complete Genome	Major	Full	2018-06-28	ASM326944v1	Centre for Agricultural Research, Hungarian Academy of Sciences	GCA_003269445.1	identical	https://ftp.ncbi.nlm.nih.gov/genomes/all/GCF/003/269/445/GCF_003269445.1_ASM326944v1	na	assembly from type material	na        	haploid	bacteria	659552	659552	27.0	1	1	1	NCBI RefSeq	GCF_003269445.1-RS_2024_03_28	2024-03-28	583	542	38	30533671	Bacteria	Bacillati	Mycoplasmatota		Mycoplasmoidales	Metamycoplasmataceae	Metamycoplasma															
GCF_033546855.1	PRJNA224116	SAMN38060583	na	reference genome	92402	92402	Metamycoplasma equirhinis	strain=M432/72	na	latest	Complete Genome	Major	Full	2023-11-12	ASM3354685v1	Institute of Microbiology	GCA_033546855.1	identical	https://ftp.ncbi.nlm.nih.gov/genomes/all/GCF/033/546/855/GCF_033546855.1_ASM3354685v1	na	assembly from type material	na        	haploid	bacteria	706186	706186	28.0	1	1	1	NCBI RefSeq	NCBI Prokaryotic Genome Annotation Pipeline (PGAP)	2023-11-13	616	571	44	na	Bacteria	Bacillati	Mycoplasmatota		Mycoplasmoidales	Metamycoplasmataceae	Metamycoplasma															
GCF_006385795.1	PRJNA224116	SAMN12082456	VFSS00000000.1	reference genome	92403	92403	[Mycoplasma] falconis	strain=ATCC 51372	na	latest	Contig	Major	Full	2019-06-23	ASM638579v1	Institute of Microbiology	GCA_006385795.1	identical	https://ftp.ncbi.nlm.nih.gov/genomes/all/GCF/006/385/795/GCF_006385795.1_ASM638579v1	na	assembly from type material	na        	haploid	bacteria	672402	672402	28.0	0	39	39	NCBI RefSeq	GCF_006385795.1-RS_2024_08_02	2024-08-02	609	563	42	na	Bacteria	Bacillati	Mycoplasmatota		Mycoplasmoidales	Metamycoplasmataceae	Metamycoplasma															
GCF_037482225.1	PRJNA224116	SAMN40497087	na	reference genome	92404	92404	[Mycoplasma] gypis	strain=B1/T1	na	latest	Complete Genome	Major	Full	2024-04-05	ASM3748222v1	Department of Pathobiology, Institute of Microbiology	GCA_037482225.1	identical	https://ftp.ncbi.nlm.nih.gov/genomes/all/GCF/037/482/225/GCF_037482225.1_ASM3748222v1	na	assembly from type material	na        	haploid	bacteria	833262	833262	28.0	1	1	1	NCBI RefSeq	GCF_037482225.1-RS_2024_04_05	2024-04-05	702	660	40	na	Bacteria	Bacillati	Mycoplasmatota		Mycoplasmoidales	Metamycoplasmataceae	Metamycoplasma															
GCF_041026625.1	PRJNA224116	SAMN42868389	na	reference genome	92406	92406	Metamycoplasma spumans	strain=385A	na	latest	Complete Genome	Major	Full	2024-08-05	ASM4102662v1	Department of Pathobiology, Institute of Microbiology	GCA_041026625.1	identical	https://ftp.ncbi.nlm.nih.gov/genomes/all/GCF/041/026/625/GCF_041026625.1_ASM4102662v1	na	na	na        	haploid	bacteria	751767	751767	28.0	1	1	1	NCBI RefSeq	GCF_041026625.1-RS_2024_08_04	2024-08-04	642	597	45	na	Bacteria	Bacillati	Mycoplasmatota		Mycoplasmoidales	Metamycoplasmataceae	Metamycoplasma															
GCF_033546815.1	PRJNA224116	SAMN38060618	na	reference genome	92407	92407	Metamycoplasma subdolum	strain=TB	na	latest	Complete Genome	Major	Full	2023-11-12	ASM3354681v1	Institute of Microbiology	GCA_033546815.1	identical	https://ftp.ncbi.nlm.nih.gov/genomes/all/GCF/033/546/815/GCF_033546815.1_ASM3354681v1	na	assembly from type material	na        	haploid	bacteria	654603	654603	28.5	1	1	1	NCBI RefSeq	NCBI Prokaryotic Genome Annotation Pipeline (PGAP)	2023-11-12	581	538	40	na	Bacteria	Bacillati	Mycoplasmatota		Mycoplasmoidales	Metamycoplasmataceae	Metamycoplasma															
GCF_024498275.1	PRJNA224116	SAMN29927634	na	reference genome	92758	92758	Mycoplasmoides fastidiosum	strain=4822	na	latest	Complete Genome	Major	Full	2022-08-01	ASM2449827v1	Institute of Microbiology	GCA_024498275.1	identical	https://ftp.ncbi.nlm.nih.gov/genomes/all/GCF/024/498/275/GCF_024498275.1_ASM2449827v1	na	assembly from type material	na        	haploid	bacteria	1221951	1221951	31.5	1	1	1	NCBI RefSeq	NCBI Prokaryotic Genome Annotation Pipeline (PGAP)	2024-02-29	873	830	37	na	Bacteria	Bacillati	Mycoplasmatota		Mycoplasmoidales	Mycoplasmoidaceae	Mycoplasmoides															
GCF_014205085.1	PRJNA224116	SAMN12793876	JACHMV000000000.1	reference genome	95160	95160	Actinomadura catellatispora	strain=DSM 44772	na	latest	Contig	Major	Full	2020-08-14	ASM1420508v1	DOE Joint Genome Institute	GCA_014205085.1	identical	https://ftp.ncbi.nlm.nih.gov/genomes/all/GCF/014/205/085/GCF_014205085.1_ASM1420508v1	na	assembly from type material	na        	haploid	bacteria	8203588	8203588	72.0	0	1	1	NCBI RefSeq	GCF_014205085.1-RS_2024_09_29	2024-09-29	7500	7346	87	na																						
GCF_024648845.1	PRJNA224116	SAMN02746108	JANBBD000000000.1	reference genome	96101	96101	Actinomadura glauciflava	strain=DSM 44770	na	latest	Scaffold	Major	Full	2022-08-12	ASM2464884v1	DOE Joint Genome Institute	GCA_024648845.1	identical	https://ftp.ncbi.nlm.nih.gov/genomes/all/GCF/024/648/845/GCF_024648845.1_ASM2464884v1	na	assembly from type material	na        	haploid	bacteria	9357102	9357010	72.5	0	86	86	NCBI RefSeq	GCF_024648845.1-RS_2024_08_29	2024-08-29	8739	8569	77	na																						
GCF_002189065.1	PRJNA224116	SAMD00067362	BDMN00000000.1	reference genome	113268	113268	Bathymodiolus platifrons methanotrophic gill symbiont	strain=HPD1508-B01-01	na	latest	Contig	Major	Full	2017-05-26	ASM218906v1	Department of Subsurface Geobiological Analysis and Research, Japan Agency for Marine-Earth Science and Technology	GCA_002189065.1	identical	https://ftp.ncbi.nlm.nih.gov/genomes/all/GCF/002/189/065/GCF_002189065.1_ASM218906v1	na	na	na        	haploid	bacteria	4018024	4018024	40.0	0	613	613	NCBI RefSeq	GCF_002189065.1-RS_2024_09_09	2024-09-09	4400	3944	56	28453654	Bacteria	Pseudomonadati	Pseudomonadota	Gammaproteobacteria							unclassified Gammaproteobacteria											
GCF_019721995.1	PRJNA224116	SAMD00212908	BLYC00000000.1	reference genome	113269	113269	Bathymodiolus japonicus methanotrophic gill symbiont	na	HPD1508-BjaS1	latest	Contig	Major	Full	2021-07-07	ASM1972199v1	Department of Subsurface Geobiological Analysis and Research, Japan Agency for Marine-Earth Science and Technology	GCA_019721995.1	identical	https://ftp.ncbi.nlm.nih.gov/genomes/all/GCF/019/721/995/GCF_019721995.1_ASM1972199v1	na	na	na        	haploid	bacteria	4971076	4971076	42.0	0	109	109	NCBI RefSeq	GCF_019721995.1-RS_2024_03_28	2024-03-28	6806	6182	68	34788070	Bacteria	Pseudomonadati	Pseudomonadota	Gammaproteobacteria							unclassified Gammaproteobacteria											
GCF_004342625.1	PRJNA224116	SAMN10363434	SMAH00000000.1	reference genome	114249	114249	Tepidimonas ignava	strain=DSM 12034	na	latest	Contig	Major	Full	2019-03-11	ASM434262v1	DOE Joint Genome Institute	GCA_004342625.1	identical	https://ftp.ncbi.nlm.nih.gov/genomes/all/GCF/004/342/625/GCF_004342625.1_ASM434262v1	na	assembly from type material	na        	haploid	bacteria	2707895	2707895	69.0	0	32	32	NCBI RefSeq	GCF_004342625.1-RS_2024_04_17	2024-04-17	2644	2544	58	na	Bacteria	Pseudomonadati	Pseudomonadota	Betaproteobacteria	Burkholderiales		Tepidimonas				Burkholderiales genera incertae sedis											
GCF_900660705.1	PRJNA224116	SAMEA104210792	na	reference genome	114880	114880	Mycoplasmopsis columbinasalis	strain=NCTC10184	na	latest	Complete Genome	Major	Full	2019-01-29	57612_F01-3	SC	GCA_900660705.1	identical	https://ftp.ncbi.nlm.nih.gov/genomes/all/GCF/900/660/705/GCF_900660705.1_57612_F01-3	na	assembly from type material	na        	haploid	bacteria	849456	849456	33.5	1	1	1	NCBI RefSeq	NCBI Prokaryotic Genome Annotation Pipeline (PGAP)	2024-02-28	662	617	43	na	Bacteria	Bacillati	Mycoplasmatota		Mycoplasmoidales	Metamycoplasmataceae	Mycoplasmopsis															
GCF_900660685.1	PRJNA224116	SAMEA104210788	na	reference genome	114881	114881	Mycoplasmopsis columbina	strain=NCTC10178	na	latest	Complete Genome	Major	Full	2019-01-29	57572_G01-3	SC	GCA_900660685.1	identical	https://ftp.ncbi.nlm.nih.gov/genomes/all/GCF/900/660/685/GCF_900660685.1_57572_G01-3	na	assembly from type material	na        	haploid	bacteria	776661	776661	27.0	1	1	1	NCBI RefSeq	GCF_900660685.1-RS_2024_08_05	2024-08-05	647	602	42	na	Bacteria	Bacillati	Mycoplasmatota		Mycoplasmoidales	Metamycoplasmataceae	Mycoplasmopsis															
GCF_024498255.1	PRJNA224116	SAMN29927633	na	reference genome	114883	114883	Mycoplasmopsis equigenitalium	strain=T37	na	latest	Complete Genome	Major	Full	2022-08-01	ASM2449825v1	Institute of Microbiology	GCA_024498255.1	identical	https://ftp.ncbi.nlm.nih.gov/genomes/all/GCF/024/498/255/GCF_024498255.1_ASM2449825v1	na	assembly from type material	na        	haploid	bacteria	806532	806532	31.0	1	1	1	NCBI RefSeq	NCBI Prokaryotic Genome Annotation Pipeline (PGAP)	2024-02-29	714	671	39	na	Bacteria	Bacillati	Mycoplasmatota		Mycoplasmoidales	Metamycoplasmataceae	Mycoplasmopsis															
GCF_900660665.1	PRJNA224116	SAMEA104210789	na	reference genome	114885	114885	Mycoplasmopsis maculosa	strain=NCTC10168	na	latest	Complete Genome	Major	Full	2019-01-29	57612_D01-3	SC	GCA_900660665.1	identical	https://ftp.ncbi.nlm.nih.gov/genomes/all/GCF/900/660/665/GCF_900660665.1_57612_D01-3	na	assembly from type material	na        	haploid	bacteria	919297	919297	24.0	2	2	2	NCBI RefSeq	NCBI Prokaryotic Genome Annotation Pipeline (PGAP)	2024-02-28	785	738	41	na	Bacteria	Bacillati	Mycoplasmatota		Mycoplasmoidales	Metamycoplasmataceae	Mycoplasmopsis															
GCF_007830175.1	PRJNA224116	SAMN05660838	VLKH00000000.1	reference genome	130788	130788	Sedimentibacter saalensis	strain=DSM 13558	na	latest	Scaffold	Major	Full	2019-08-02	ASM783017v1	DOE Joint Genome Institute	GCA_007830175.1	identical	https://ftp.ncbi.nlm.nih.gov/genomes/all/GCF/007/830/175/GCF_007830175.1_ASM783017v1	na	assembly from type material	na        	haploid	bacteria	3834552	3831902	36.0	0	23	23	NCBI RefSeq	GCF_007830175.1-RS_2024_05_04	2024-05-04	3618	3547	43	na	Bacteria	Bacillati	Bacillota	Tissierellia			Sedimentibacter				Tissierellia incertae sedis											
GCF_003383595.3	PRJNA224116	SAMN09283747	na	reference genome	142649	142649	Metamycoplasma phocicerebrale	strain=1049	na	latest	Complete Genome	Major	Full	2019-03-25	ASM338359v3	University of Florida	GCA_003383595.3	identical	https://ftp.ncbi.nlm.nih.gov/genomes/all/GCF/003/383/595/GCF_003383595.3_ASM338359v3	na	assembly from type material	na        	haploid	bacteria	740800	740800	25.0	1	1	1	NCBI RefSeq	GCF_003383595.3-RS_2024_04_05	2024-04-05	658	615	42	na	Bacteria	Bacillati	Mycoplasmatota		Mycoplasmoidales	Metamycoplasmataceae	Metamycoplasma															
GCF_004216495.1	PRJNA224116	SAMN10436525	na	reference genome	142650	142650	Mycoplasmopsis phocirhinis	strain=852	na	latest	Complete Genome	Major	Full	2019-02-20	ASM421649v1	University of Florida	GCA_004216495.1	identical	https://ftp.ncbi.nlm.nih.gov/genomes/all/GCF/004/216/495/GCF_004216495.1_ASM421649v1	na	assembly from type material	na        	haploid	bacteria	865472	865472	27.5	1	1	1	NCBI RefSeq	NCBI Prokaryotic Genome Annotation Pipeline (PGAP)	2024-02-28	731	685	41	na	Bacteria	Bacillati	Mycoplasmatota		Mycoplasmoidales	Metamycoplasmataceae	Mycoplasmopsis															
GCF_003332325.1	PRJNA224116	SAMN08864381	na	reference genome	142651	142651	[Mycoplasma] phocae	strain=105	na	latest	Complete Genome	Major	Full	2018-07-20	ASM333232v1	University of Florida	GCA_003332325.1	identical	https://ftp.ncbi.nlm.nih.gov/genomes/all/GCF/003/332/325/GCF_003332325.1_ASM333232v1	na	assembly from type material	na        	haploid	bacteria	814478	814478	27.0	1	1	1	NCBI RefSeq	GCF_003332325.1-RS_2024_08_26	2024-08-26	669	622	43	na	Bacteria	Bacillati	Mycoplasmatota		Mycoplasmoidales	Metamycoplasmataceae	Metamycoplasma															
GCF_900107845.1	PRJNA224116	SAMN04488051	FNRM00000000.1	reference genome	152573	152573	Alkalimonas amylolytica	strain=CGMCC 1.3430	na	latest	Scaffold	Major	Full	2016-10-22	IMG-taxon 2617270770 annotated assembly	DOE - JOINT GENOME INSTITUTE	GCA_900107845.1	identical	https://ftp.ncbi.nlm.nih.gov/genomes/all/GCF/900/107/845/GCF_900107845.1_IMG-taxon_2617270770_annotated_assembly	na	assembly from type material	na        	haploid	bacteria	4060055	4052805	51.5	0	30	30	NCBI RefSeq	GCF_900107845.1-RS_2024_05_03	2024-05-03	3716	3627	66	na	Bacteria	Pseudomonadati	Pseudomonadota	Gammaproteobacteria			Alkalimonas				Gammaproteobacteria incertae sedis											
GCF_001596815.1	PRJNA224116	SAMN04566108	LVCN00000000.1	reference genome	162157	162157	Pseudoalteromonas spiralis	strain=DSM 16099	na	latest	Contig	Major	Full	2016-03-23	ASM159681v1	Institute of Oceanology, Chinese Academy of Sciences	GCA_001596815.1	identical	https://ftp.ncbi.nlm.nih.gov/genomes/all/GCF/001/596/815/GCF_001596815.1_ASM159681v1	na	assembly from type material	na        	haploid	bacteria	4166507	4166507	40.0	0	87	87	NCBI RefSeq	GCF_001596815.1-RS_2024_07_09	2024-07-09	3888	3506	124	na																						
GCF_001596795.1	PRJNA224116	SAMN04566107	LVCM00000000.1	reference genome	162160	162160	Pseudoalteromonas telluritireducens	strain=DSM 16098	na	latest	Contig	Major	Full	2016-03-23	ASM159679v1	Institute of Oceanology, Chinese Academy of Sciences	GCA_001596795.1	identical	https://ftp.ncbi.nlm.nih.gov/genomes/all/GCF/001/596/795/GCF_001596795.1_ASM159679v1	na	assembly from type material	na        	haploid	bacteria	4406320	4406320	41.0	0	65	65	NCBI RefSeq	NCBI Prokaryotic Genome Annotation Pipeline (PGAP)	2023-07-23	4043	3525	120	na																						
GCF_036327815.1	PRJNA224116	SAMN36728888	JAUUCC000000000.1	reference genome	163605	163605	Nocardiopsis umidischolae	strain=66/93	na	latest	Contig	Major	Full	2024-02-01	ASM3632781v1	CIIMAR - Interdisciplinary Centre of Marine and Environmental Research	GCA_036327815.1	identical	https://ftp.ncbi.nlm.nih.gov/genomes/all/GCF/036/327/815/GCF_036327815.1_ASM3632781v1	na	assembly from type material	na        	haploid	bacteria	7892218	7892218	72.5	0	279	279	NCBI RefSeq	NCBI Prokaryotic Genome Annotation Pipeline (PGAP)	2024-02-02	7198	6968	65	na																						
GCF_003285065.1	PRJNA224116	SAMN09469955	na	reference genome	171279	171279	Mycoplasmopsis anatis	strain=NCTC 10156	na	latest	Complete Genome	Major	Full	2018-07-01	ASM328506v1	Centre for Agricultural Research, Hungarian Academy of Sciences	GCA_003285065.1	identical	https://ftp.ncbi.nlm.nih.gov/genomes/all/GCF/003/285/065/GCF_003285065.1_ASM328506v1	na	assembly from type material	na        	haploid	bacteria	956094	956094	26.5	1	1	1	NCBI RefSeq	NCBI Prokaryotic Genome Annotation Pipeline (PGAP)	2024-02-28	840	793	42	30533671	Bacteria	Bacillati	Mycoplasmatota		Mycoplasmoidales	Metamycoplasmataceae	Mycoplasmopsis															
GCF_900660645.1	PRJNA224116	SAMEA104167208	na	reference genome	171281	171281	Mycoplasmopsis citelli	strain=NCTC10181	na	latest	Complete Genome	Major	Full	2019-01-29	57043_F01-3	SC	GCA_900660645.1	identical	https://ftp.ncbi.nlm.nih.gov/genomes/all/GCF/900/660/645/GCF_900660645.1_57043_F01-3	na	assembly from type material	na        	haploid	bacteria	1242365	1242365	27.0	1	1	1	NCBI RefSeq	NCBI Prokaryotic Genome Annotation Pipeline (PGAP)	2024-02-28	944	890	45	na	Bacteria	Bacillati	Mycoplasmatota		Mycoplasmoidales	Metamycoplasmataceae	Mycoplasmopsis															
GCF_900660675.1	PRJNA224116	SAMEA104167209	na	reference genome	171282	171282	Mycoplasmopsis columboralis	strain=NCTC10179	na	latest	Complete Genome	Major	Full	2019-01-29	57141_A01-3	SC	GCA_900660675.1	identical	https://ftp.ncbi.nlm.nih.gov/genomes/all/GCF/900/660/675/GCF_900660675.1_57141_A01-3	na	assembly from type material	na        	haploid	bacteria	966675	966675	29.0	2	2	2	NCBI RefSeq	NCBI Prokaryotic Genome Annotation Pipeline (PGAP)	2024-02-28	798	749	40	na	Bacteria	Bacillati	Mycoplasmatota		Mycoplasmoidales	Metamycoplasmataceae	Mycoplasmopsis															
GCF_900660605.1	PRJNA224116	SAMEA4434532	na	reference genome	171285	171285	Mycoplasmopsis glycophila	strain=NCTC10194	na	latest	Complete Genome	Major	Full	2019-01-29	51342_G01-3	SC	GCA_900660605.1	identical	https://ftp.ncbi.nlm.nih.gov/genomes/all/GCF/900/660/605/GCF_900660605.1_51342_G01-3	na	assembly from type material	na        	haploid	bacteria	973410	973410	28.5	1	1	1	NCBI RefSeq	NCBI Prokaryotic Genome Annotation Pipeline (PGAP)	2024-02-28	743	689	44	na	Bacteria	Bacillati	Mycoplasmatota		Mycoplasmoidales	Metamycoplasmataceae	Mycoplasmopsis															
GCF_029854295.1	PRJNA224116	SAMN34203605	na	reference genome	171286	171286	Mesomycoplasma lagogenitalium	strain=12MS	na	latest	Complete Genome	Major	Full	2023-04-23	ASM2985429v1	Institute of Microbiology	GCA_029854295.1	identical	https://ftp.ncbi.nlm.nih.gov/genomes/all/GCF/029/854/295/GCF_029854295.1_ASM2985429v1	na	assembly from type material	na        	haploid	bacteria	973223	973223	25.0	1	1	1	NCBI RefSeq	NCBI Prokaryotic Genome Annotation Pipeline (PGAP)	2024-02-29	863	822	40	na	Bacteria	Bacillati	Mycoplasmatota		Mycoplasmoidales	Metamycoplasmataceae	Mesomycoplasma															
GCF_004365095.1	PRJNA224116	SAMN05421669	SOCN00000000.1	reference genome	171289	171289	Mycoplasmopsis mustelae	strain=ATCC 35214	na	latest	Scaffold	Major	Full	2019-03-22	ASM436509v1	DOE Joint Genome Institute	GCA_004365095.1	identical	https://ftp.ncbi.nlm.nih.gov/genomes/all/GCF/004/365/095/GCF_004365095.1_ASM436509v1	na	assembly from type material	na        	haploid	bacteria	836283	836273	28.0	0	7	7	NCBI RefSeq	NCBI Prokaryotic Genome Annotation Pipeline (PGAP)	2024-02-28	738	694	41	na	Bacteria	Bacillati	Mycoplasmatota		Mycoplasmoidales	Metamycoplasmataceae	Mycoplasmopsis															
GCF_033546915.1	PRJNA224116	SAMN38082481	na	reference genome	171291	171291	Mycoplasmopsis verecunda	strain=107	na	latest	Complete Genome	Major	Full	2023-11-12	ASM3354691v1	Institute of Microbiology	GCA_033546915.1	identical	https://ftp.ncbi.nlm.nih.gov/genomes/all/GCF/033/546/915/GCF_033546915.1_ASM3354691v1	na	assembly from type material	na        	haploid	bacteria	946797	946797	27.0	1	1	1	NCBI RefSeq	NCBI Prokaryotic Genome Annotation Pipeline (PGAP)	2023-11-13	730	685	42	na	Bacteria	Bacillati	Mycoplasmatota		Mycoplasmoidales	Metamycoplasmataceae	Mycoplasmopsis															
GCF_000754265.1	PRJNA224116	SAMN03290991	na	reference genome	186490	186490	Candidatus Palibaumannia cicadellinicola	strain=BGSS	na	latest	Complete Genome	Major	Full	2014-09-12	ASM75426v1	University of Texas at Austin	GCA_000754265.1	identical	https://ftp.ncbi.nlm.nih.gov/genomes/all/GCF/000/754/265/GCF_000754265.1_ASM75426v1	na	na	na        	haploid	bacteria	759425	759425	39.0	1	1	1	NCBI RefSeq	GCF_000754265.1-RS_2024_03_17	2024-03-17	732	658	48	25271287	Bacteria	Pseudomonadati	Pseudomonadota	Gammaproteobacteria			Candidatus Palibaumannia				Gammaproteobacteria incertae sedis											
GCF_900080145.1	PRJNA224116	SAMEA3935975	FLRF00000000.1	reference genome	189385	189385	Candidatus Tremblaya princeps	na	TREMTM	latest	Contig	Major	Full	2016-07-16	TREMTM	Division of Microbial Ecology Department of Microbiology and Ecosystem Science University of Vienna	GCA_900080145.1	identical	https://ftp.ncbi.nlm.nih.gov/genomes/all/GCF/900/080/145/GCF_900080145.1_TREMTM	na	na	na        	haploid	bacteria	137475	137475	58.5	0	4	4	NCBI RefSeq	GCF_900080145.1-RS_2024_03_31	2024-03-31	94	68	19	na	Bacteria	Pseudomonadati	Pseudomonadota	Betaproteobacteria			Candidatus Tremblaya				Betaproteobacteria incertae sedis											
GCF_001709345.1	PRJNA224116	SAMN05589748	MDTQ00000000.1	reference genome	197479	197479	Terasakiispira papahanaumokuakeensis	strain=PH27A	na	latest	Scaffold	Major	Full	2016-08-23	ASM170934v1	University of Hawaii at Manoa	GCA_001709345.1	identical	https://ftp.ncbi.nlm.nih.gov/genomes/all/GCF/001/709/345/GCF_001709345.1_ASM170934v1	na	assembly from type material	na        	haploid	bacteria	4048029	4031051	51.5	0	2	2	NCBI RefSeq	GCF_001709345.1-RS_2024_05_02	2024-05-02	3514	3431	71	na	Bacteria	Pseudomonadati	Pseudomonadota	Gammaproteobacteria	Oceanospirillales		Terasakiispira				Oceanospirillales incertae sedis											
GCF_011947365.2	PRJNA224116	SAMN14329652	JAAVSH000000000.2	reference genome	205975	205975	endosymbiont of Lamellibrachia barhami	na	D756_A12_LB11	latest	Scaffold	Major	Full	2020-07-08	ASM1194736v2	University of Rhode Island	GCA_011947365.2	identical	https://ftp.ncbi.nlm.nih.gov/genomes/all/GCF/011/947/365/GCF_011947365.2_ASM1194736v2	na	na	na        	haploid	bacteria	4169104	4123172	54.5	0	19	19	NCBI RefSeq	GCF_011947365.2-RS_2024_08_08	2024-08-08	3880	3698	48	na	Bacteria	Pseudomonadati	Pseudomonadota	Gammaproteobacteria	Chromatiales						unclassified Chromatiales											
GCF_002803985.1	PRJNA224116	SAMN05429629	na	reference genome	214888	214888	Williamsoniiplasma luminosum	strain=PIMN-1	na	latest	Complete Genome	Major	Full	2017-12-04	ASM280398v1	Academia Sinica	GCA_002803985.1	identical	https://ftp.ncbi.nlm.nih.gov/genomes/all/GCF/002/803/985/GCF_002803985.1_ASM280398v1	na	assembly from type material	na        	haploid	bacteria	1031560	1031560	30.0	1	1	1	NCBI RefSeq	GCF_002803985.1-RS_2024_03_28	2024-03-28	900	861	38	30102350;2223610	Bacteria	Bacillati	Mycoplasmatota	Mollicutes	Entomoplasmatales		Williamsoniiplasma															
GCF_002804005.1	PRJNA224116	SAMN05429912	na	reference genome	215578	215578	Williamsoniiplasma somnilux	strain=PYAN-1	na	latest	Complete Genome	Major	Full	2017-12-04	ASM280400v1	Academia Sinica	GCA_002804005.1	identical	https://ftp.ncbi.nlm.nih.gov/genomes/all/GCF/002/804/005/GCF_002804005.1_ASM280400v1	na	assembly from type material	na        	haploid	bacteria	868413	868413	28.0	1	1	1	NCBI RefSeq	GCF_002804005.1-RS_2024_03_28	2024-03-28	764	722	38	2223610;30102350	Bacteria	Bacillati	Mycoplasmatota	Mollicutes	Entomoplasmatales		Williamsoniiplasma															
GCF_002994635.1	PRJNA224116	SAMN08580376	PVNL00000000.1	reference genome	215803	215803	Enhygromyxa salina	strain=SWB007	na	latest	Contig	Major	Full	2018-03-12	ASM299463v1	Goettingen Genomics Laboratory	GCA_002994635.1	identical	https://ftp.ncbi.nlm.nih.gov/genomes/all/GCF/002/994/635/GCF_002994635.1_ASM299463v1	na	na	na        	haploid	bacteria	10602692	10602692	68.0	0	192	192	NCBI RefSeq	GCF_002994635.1-RS_2024_08_28	2024-08-28	8311	8170	63	na	Bacteria	Pseudomonadati	Myxococcota		Nannocystales	Nannocystaceae	Enhygromyxa		Polyangia													
GCF_012939995.1	PRJNA224116	SAMN11179416	SPMZ00000000.1	reference genome	221280	221280	Candidatus Competibacter phosphatis	strain=SBR_G	na	latest	Contig	Major	Full	2020-05-01	ASM1293999v1	Columbia University	GCA_012939995.1	identical	https://ftp.ncbi.nlm.nih.gov/genomes/all/GCF/012/939/995/GCF_012939995.1_ASM1293999v1	na	na	na        	haploid	bacteria	4385650	4385650	60.5	0	121	121	NCBI RefSeq	GCF_012939995.1-RS_2024_03_31	2024-03-31	4375	3932	55	na	Bacteria	Pseudomonadati	Pseudomonadota	Gammaproteobacteria		Candidatus Competibacteraceae	Candidatus Competibacter				Gammaproteobacteria incertae sedis											
GCF_900167455.1	PRJNA224116	SAMN02745126	FUWJ00000000.1	reference genome	225324	225324	Enhydrobacter aerosaccus	strain=ATCC 27094	na	latest	Scaffold	Major	Full	2017-03-04	IMG-taxon 2582581318 annotated assembly	DOE - JOINT GENOME INSTITUTE	GCA_900167455.1	identical	https://ftp.ncbi.nlm.nih.gov/genomes/all/GCF/900/167/455/GCF_900167455.1_IMG-taxon_2582581318_annotated_assembly	na	assembly from type material	na        	haploid	bacteria	6769764	6767089	64.5	0	30	30	NCBI RefSeq	GCF_900167455.1-RS_2024_03_12	2024-03-12	6588	6459	54	na	Bacteria	Pseudomonadati	Pseudomonadota	Alphaproteobacteria	Hyphomicrobiales		Enhydrobacter				Hyphomicrobiales incertae sedis											
GCF_001298715.1	PRJNA224116	SAMEA3214417	CDSC00000000.2	reference genome	235205	235205	Bathymodiolus azoricus thioautotrophic gill symbiont	strain=BazSymA	na	latest	Contig	Major	Full	2016-10-27	BazSymAV2	MAX PLANCK INSTITUTE FOR MARINE MICROBIOLOGY	GCA_001298715.2	identical	https://ftp.ncbi.nlm.nih.gov/genomes/all/GCF/001/298/715/GCF_001298715.1_BazSymAV2	na	na	na        	haploid	bacteria	1859850	1859850	37.5	0	515	515	NCBI RefSeq	GCF_001298715.1-RS_2024_04_02	2024-04-02	1952	1785	40	na	Bacteria	Pseudomonadati	Pseudomonadota	Gammaproteobacteria						sulfur-oxidizing symbionts	Gammaproteobacteria incertae sedis											
GCF_013408715.1	PRJNA224116	SAMN14503169	JACCCZ000000000.1	reference genome	237656	237656	Pseudonocardia antarctica	strain=DSM 44749	na	latest	Contig	Major	Full	2020-07-13	ASM1340871v1	DOE Joint Genome Institute	GCA_013408715.1	identical	https://ftp.ncbi.nlm.nih.gov/genomes/all/GCF/013/408/715/GCF_013408715.1_ASM1340871v1	na	assembly from type material	na        	haploid	bacteria	6242493	6242493	74.0	0	2	2	NCBI RefSeq	GCF_013408715.1-RS_2024_09_29	2024-09-29	5861	5714	67	na																						
GCF_000027325.1	PRJNA224116	SAMN02603983	na	reference genome	243273	2097	Mycoplasmoides genitalium G37	strain=G-37	na	latest	Complete Genome	Major	Full	2006-01-09	ASM2732v1	TIGR	GCA_000027325.1	identical	https://ftp.ncbi.nlm.nih.gov/genomes/all/GCF/000/027/325/GCF_000027325.1_ASM2732v1	na	assembly from type material	na        	haploid	bacteria	580076	580076	31.5	1	1	1	NCBI RefSeq	NCBI Prokaryotic Genome Annotation Pipeline (PGAP)	2024-02-28	568	517	42	16407165;7569993	Bacteria	Bacillati	Mycoplasmatota		Mycoplasmoidales	Mycoplasmoidaceae	Mycoplasmoides							Mycoplasmoides genitalium								
GCF_001584725.1	PRJNA224116	SAMN04506047	na	reference genome	243899	243899	endosymbiont 'TC1' of Trimyema compressum	strain=not applicalbe	TC1	latest	Complete Genome	Major	Full	2016-03-10	ASM158472v1	University of the Ryukyus	GCA_001584725.1	identical	https://ftp.ncbi.nlm.nih.gov/genomes/all/GCF/001/584/725/GCF_001584725.1_ASM158472v1	na	na	na        	haploid	bacteria	1622248	1622248	33.0	2	2	2	NCBI RefSeq	GCF_001584725.1-RS_2024_05_02	2024-05-02	2197	1934	46	na	Bacteria	Bacillati	Bacillota								unclassified Bacillota											
GCF_007556585.1	PRJNA224116	SAMN12027909	VJNA00000000.1	reference genome	247482	247482	Tepidimonas aquatica	strain=CLN-1	na	latest	Contig	Major	Full	2019-07-26	ASM755658v1	Biocant	GCA_007556585.1	identical	https://ftp.ncbi.nlm.nih.gov/genomes/all/GCF/007/556/585/GCF_007556585.1_ASM755658v1	na	assembly from type material	na        	haploid	bacteria	2672904	2672904	68.5	0	97	97	NCBI RefSeq	GCF_007556585.1-RS_2024_05_04	2024-05-04	2654	2458	63	na	Bacteria	Pseudomonadati	Pseudomonadota	Betaproteobacteria	Burkholderiales		Tepidimonas				Burkholderiales genera incertae sedis											
GCF_900608495.1	PRJNA224116	SAMEA104020357	UWYT00000000.1	reference genome	260710	260710	Olavius algarvensis spirochete endosymbiont	na	1	latest	Contig	Major	Full	2018-11-18	OalgB6SA-Spiro	MAX PLANCK INSTITUTE FOR MARINE MICROBIOLOGY	GCA_900608495.1	identical	https://ftp.ncbi.nlm.nih.gov/genomes/all/GCF/900/608/495/GCF_900608495.1_OalgB6SA-Spiro	na	na	na        	haploid	bacteria	2121330	2121330	47.0	0	340	340	NCBI RefSeq	GCF_900608495.1-RS_2024_08_24	2024-08-24	2094	1963	47	na	Bacteria	Pseudomonadati	Spirochaetota	Spirochaetia	Spirochaetales						unclassified Spirochaetales											
GCF_000019905.1	PRJNA224116	SAMN00120225	na	reference genome	262543	340145	Exiguobacterium sibiricum 255-15	strain=255-15	na	latest	Complete Genome	Major	Full	2008-04-03	ASM1990v1	US DOE Joint Genome Institute	GCA_000019905.1	identical	https://ftp.ncbi.nlm.nih.gov/genomes/all/GCF/000/019/905/GCF_000019905.1_ASM1990v1	na	assembly from synonym type material	na        	haploid	bacteria	3040786	3040786	47.5	3	3	3	NCBI RefSeq	GCF_000019905.1-RS_2024_08_05	2024-08-05	3159	3034	100	16489412;19019206	Bacteria	Bacillati	Bacillota	Bacilli	Bacillales		Exiguobacterium				Bacillales Family XII. Incertae Sedis			Exiguobacterium artemiae								
GCF_000008205.1	PRJNA224116	SAMN02603526	na	reference genome	262719	2099	Mesomycoplasma hyopneumoniae J	strain=J	na	latest	Complete Genome	Major	Full	2005-08-05	ASM820v1	LNCC - Laboratorio Nacional de Computacao Cientifica	GCA_000008205.1	identical	https://ftp.ncbi.nlm.nih.gov/genomes/all/GCF/000/008/205/GCF_000008205.1_ASM820v1	na	assembly from type material	na        	haploid	bacteria	897405	897405	28.5	1	1	1	NCBI RefSeq	NCBI Prokaryotic Genome Annotation Pipeline (PGAP)	2024-02-26	723	681	36	16077101	Bacteria	Bacillati	Mycoplasmatota		Mycoplasmoidales	Metamycoplasmataceae	Mesomycoplasma							Mesomycoplasma hyopneumoniae								
GCF_030717955.1	PRJNA224116	SAMN36510742	JAUZVY000000000.1	reference genome	265981	265981	Alkalimonas delamerensis	strain=1E1	na	latest	Contig	Major	Full	2023-08-13	ASM3071795v1	National Centre For Cell Science (NCCS)	GCA_030717955.1	identical	https://ftp.ncbi.nlm.nih.gov/genomes/all/GCF/030/717/955/GCF_030717955.1_ASM3071795v1	na	assembly from type material	na        	haploid	bacteria	3453617	3453617	53.5	0	16	16	NCBI RefSeq	GCF_030717955.1-RS_2024_08_13	2024-08-13	3172	3088	69	na	Bacteria	Pseudomonadati	Pseudomonadota	Gammaproteobacteria			Alkalimonas				Gammaproteobacteria incertae sedis											
GCF_000008365.1	PRJNA224116	SAMN03081417	na	reference genome	267748	2118	Mycoplasma mobile 163K	strain=163K	na	latest	Complete Genome	Major	Full	2004-05-18	ASM836v1	Broad Institute	GCA_000008365.1	identical	https://ftp.ncbi.nlm.nih.gov/genomes/all/GCF/000/008/365/GCF_000008365.1_ASM836v1	na	assembly from type material	na        	haploid	bacteria	777079	777079	25.0	1	1	1	NCBI RefSeq	NCBI Prokaryotic Genome Annotation Pipeline (PGAP)	2024-02-28	693	654	34	15289470	Bacteria	Bacillati	Mycoplasmatota		Mycoplasmoidales	Metamycoplasmataceae	Mesomycoplasma							[Mycoplasma] mobile								
GCF_000011225.1	PRJNA224116	SAMD00061084	na	reference genome	272633	28227	Malacoplasma penetrans HF-2	strain=HF-2	na	latest	Complete Genome	Major	Full	2004-05-11	ASM1122v1	NIID Japan	GCA_000011225.1	identical	https://ftp.ncbi.nlm.nih.gov/genomes/all/GCF/000/011/225/GCF_000011225.1_ASM1122v1	na	na	na        	haploid	bacteria	1358633	1358633	25.5	1	1	1	NCBI RefSeq	NCBI Prokaryotic Genome Annotation Pipeline (PGAP)	2024-01-15	1070	1025	36	12466555	Bacteria	Bacillati	Mycoplasmatota		Mycoplasmoidales	Mycoplasmoidaceae	Malacoplasma							Malacoplasma penetrans								
GCF_000021865.1	PRJNA224116	SAMN02604080	na	reference genome	272942	1061	Rhodobacter capsulatus SB 1003	strain=SB 1003	na	latest	Complete Genome	Major	Full	2010-04-09	ASM2186v1	Univ. Chicago	GCA_000021865.1	identical	https://ftp.ncbi.nlm.nih.gov/genomes/all/GCF/000/021/865/GCF_000021865.1_ASM2186v1	na	na	na        	haploid	bacteria	3871920	3871920	66.5	2	2	2	NCBI RefSeq	GCF_000021865.1-RS_2024_10_21	2024-10-21	3733	3617	69	20418398	Bacteria	Pseudomonadati	Pseudomonadota	Alphaproteobacteria	Rhodobacterales		Rhodobacter				Rhodobacter group			Rhodobacter capsulatus								
GCF_025234735.1	PRJNA224116	SAMN29987054	JANIEL000000000.1	reference genome	273527	273527	Exiguobacterium aestuarii	strain=TF_16	na	latest	Contig	Major	Full	2022-09-16	ASM2523473v1	Anhui Normal University	GCA_025234735.1	identical	https://ftp.ncbi.nlm.nih.gov/genomes/all/GCF/025/234/735/GCF_025234735.1_ASM2523473v1	na	assembly from type material	na        	haploid	bacteria	2807643	2807643	47.5	0	167	167	NCBI RefSeq	GCF_025234735.1-RS_2024_09_29	2024-09-29	3015	2940	30	na	Bacteria	Bacillati	Bacillota	Bacilli	Bacillales		Exiguobacterium				Bacillales Family XII. Incertae Sedis											
GCF_039530965.1	PRJNA224116	SAMD00645263	BAAAPD000000000.1	reference genome	280237	280237	Nocardiopsis rosea	strain=JCM 15314	na	latest	Scaffold	Major	Full	2024-02-23	ASM3953096v1	WFCC-MIRCEN World Data Centre for Microorganisms (WDCM)	GCA_039530965.1	identical	https://ftp.ncbi.nlm.nih.gov/genomes/all/GCF/039/530/965/GCF_039530965.1_ASM3953096v1	na	assembly from type material	na        	haploid	bacteria	6092990	6092950	69.5	0	128	128	NCBI RefSeq	GCF_039530965.1-RS_2024_05_10	2024-05-10	5394	5251	71	30832757																						
GCF_000183385.1	PRJNA224116	SAMN02604028	na	reference genome	289397	28903	Mycoplasmopsis bovis PG45	strain=PG45	na	latest	Complete Genome	Major	Full	2010-11-30	ASM18338v1	TIGR	GCA_000183385.1	identical	https://ftp.ncbi.nlm.nih.gov/genomes/all/GCF/000/183/385/GCF_000183385.1_ASM18338v1	na	assembly from type material	na        	haploid	bacteria	1003404	1003404	29.5	1	1	1	NCBI RefSeq	GCF_000183385.1-RS_2024_04_07	2024-04-07	883	822	43	21134966	Bacteria	Bacillati	Mycoplasmatota		Mycoplasmoidales	Metamycoplasmataceae	Mycoplasmopsis							Mycoplasmopsis bovis								
GCF_020162115.1	PRJNA224116	SAMN21531155	na	reference genome	307486	307486	Tepidimonas taiwanensis	strain=LMG 22826	na	latest	Complete Genome	Major	Full	2021-09-28	ASM2016211v1	Brno University of Technology	GCA_020162115.1	identical	https://ftp.ncbi.nlm.nih.gov/genomes/all/GCF/020/162/115/GCF_020162115.1_ASM2016211v1	na	assembly from type material	na        	haploid	bacteria	2915587	2915587	68.5	1	1	1	NCBI RefSeq	NCBI Prokaryotic Genome Annotation Pipeline (PGAP)	2023-11-05	2758	2647	64	na	Bacteria	Pseudomonadati	Pseudomonadota	Betaproteobacteria	Burkholderiales		Tepidimonas				Burkholderiales genera incertae sedis											
GCF_029026745.1	PRJNA224116	SAMN31184852	na	reference genome	307643	307643	Exiguobacterium profundum	strain=TSS-3	na	latest	Complete Genome	Major	Full	2023-03-08	ASM2902674v1	Center for Genomic Sciences	GCA_029026745.1	identical	https://ftp.ncbi.nlm.nih.gov/genomes/all/GCF/029/026/745/GCF_029026745.1_ASM2902674v1	na	na	na        	haploid	bacteria	2884728	2884728	48.0	2	2	2	NCBI RefSeq	GCF_029026745.1-RS_2024_03_28	2024-03-28	3006	2877	98	na	Bacteria	Bacillati	Bacillota	Bacilli	Bacillales		Exiguobacterium				Bacillales Family XII. Incertae Sedis											
GCF_000172555.1	PRJNA224116	SAMN00000631	ABOX00000000.2	reference genome	320771	1032527	Pedosphaera parvula Ellin514	strain=Ellin514	na	latest	Contig	Major	Full	2009-02-20	ASM17255v1	US DOE Joint Genome Institute (JGI-PGF)	GCA_000172555.1	identical	https://ftp.ncbi.nlm.nih.gov/genomes/all/GCF/000/172/555/GCF_000172555.1_ASM17255v1	na	assembly from type material	na        	haploid	bacteria	7414222	7414222	52.5	0	102	102	NCBI RefSeq	GCF_000172555.1-RS_2024_05_05	2024-05-05	6105	5966	70	21460084	Bacteria	Pseudomonadati	Verrucomicrobiota	Verrucomicrobiia	Limisphaerales		Pedosphaera			PVC group	Limisphaerales incertae sedis			Pedosphaera parvula								
GCF_012939955.1	PRJNA224116	SAMN11179415	SPMY00000000.1	reference genome	327160	327160	Candidatus Accumulibacter phosphatis	strain=SBR_S	na	latest	Contig	Major	Full	2020-05-01	ASM1293995v1	Columbia University	GCA_012939955.1	identical	https://ftp.ncbi.nlm.nih.gov/genomes/all/GCF/012/939/955/GCF_012939955.1_ASM1293995v1	na	na	na        	haploid	bacteria	5044133	5044133	62.5	0	149	149	NCBI RefSeq	GCF_012939955.1-RS_2024_03_13	2024-03-13	4719	4267	49	na	Bacteria	Pseudomonadati	Pseudomonadota	Betaproteobacteria			Candidatus Accumulibacter				Betaproteobacteria incertae sedis											
GCF_004364635.1	PRJNA224116	SAMN09064161	SOAX00000000.1	reference genome	332522	332522	Halospina denitrificans	strain=DSM 15505	na	latest	Scaffold	Major	Full	2019-03-22	ASM436463v1	DOE Joint Genome Institute	GCA_004364635.1	identical	https://ftp.ncbi.nlm.nih.gov/genomes/all/GCF/004/364/635/GCF_004364635.1_ASM436463v1	na	assembly from type material	na        	haploid	bacteria	3318232	3317655	60.0	0	16	16	NCBI RefSeq	GCF_004364635.1-RS_2024_04_19	2024-04-19	3096	3008	54	na	Bacteria	Pseudomonadati	Pseudomonadota	Gammaproteobacteria			Halospina				Gammaproteobacteria incertae sedis											
GCF_007556705.1	PRJNA224116	SAMN12217616	VJOL00000000.1	reference genome	335431	335431	Tepidimonas thermarum	strain=AA-1	na	latest	Contig	Major	Full	2019-07-26	ASM755670v1	Biocant	GCA_007556705.1	identical	https://ftp.ncbi.nlm.nih.gov/genomes/all/GCF/007/556/705/GCF_007556705.1_ASM755670v1	na	assembly from type material	na        	haploid	bacteria	2703753	2703753	68.5	0	129	129	NCBI RefSeq	GCF_007556705.1-RS_2024_05_04	2024-05-04	2665	2504	57	na	Bacteria	Pseudomonadati	Pseudomonadota	Betaproteobacteria	Burkholderiales		Tepidimonas				Burkholderiales genera incertae sedis											
GCF_001447915.1	PRJNA224116	SAMN04223556	na	reference genome	336810	336810	Candidatus Karelsulcia muelleri	strain=PUNC	na	latest	Complete Genome	Major	Full	2015-11-24	ASM144791v1	University of Hawaii at Manoa	GCA_001447915.1	identical	https://ftp.ncbi.nlm.nih.gov/genomes/all/GCF/001/447/915/GCF_001447915.1_ASM144791v1	na	na	na        	haploid	bacteria	190657	190657	24.0	1	1	1	NCBI RefSeq	NCBI Prokaryotic Genome Annotation Pipeline (PGAP)	2024-03-03	226	188	35	26798106	Bacteria	Pseudomonadati	Bacteroidota	Flavobacteriia	Flavobacteriales		Candidatus Karelsulcia			Bacteroidota/Chlorobiota group	Flavobacteriales incertae sedis											
GCF_001418255.1	PRJNA224116	SAMN03840739	LIPV00000000.1	reference genome	339866	339866	Thiomonas bhubaneswarensis	strain=DSM 18181	na	latest	Scaffold	Major	Full	2015-10-28	ASM141825v1	Joint Genome Institute	GCA_001418255.1	identical	https://ftp.ncbi.nlm.nih.gov/genomes/all/GCF/001/418/255/GCF_001418255.1_ASM141825v1	na	assembly from type material	na        	haploid	bacteria	3203428	3202793	65.0	0	23	23	NCBI RefSeq	GCF_001418255.1-RS_2024_05_02	2024-05-02	3134	3048	49	na	Bacteria	Pseudomonadati	Pseudomonadota	Betaproteobacteria	Burkholderiales		Thiomonas				Burkholderiales genera incertae sedis											
GCF_025234795.1	PRJNA224116	SAMN29987056	JANIEJ000000000.1	reference genome	340146	340146	Exiguobacterium mexicanum	strain=IMTB_3094	na	latest	Contig	Major	Full	2022-09-16	ASM2523479v1	Anhui Normal University	GCA_025234795.1	identical	https://ftp.ncbi.nlm.nih.gov/genomes/all/GCF/025/234/795/GCF_025234795.1_ASM2523479v1	na	assembly from synonym type material	na        	haploid	bacteria	2928986	2928986	52.5	0	135	135	NCBI RefSeq	GCF_025234795.1-RS_2024_08_03	2024-08-03	3093	3037	29	na	Bacteria	Bacillati	Bacillota	Bacilli	Bacillales		Exiguobacterium				Bacillales Family XII. Incertae Sedis											
GCF_900128525.1	PRJNA224116	SAMEA4554595	FQTQ00000000.1	reference genome	343235	343235	methanotrophic endosymbiont of Bathymodiolus puteoserpentis (Logatchev)	na	BPUTEOMOX	latest	Scaffold	Major	Full	2020-02-28	BPUTEOMOX	MAX PLANCK INSTITUTE FOR MARINE MICROBIOLOGY	GCA_900128525.1	identical	https://ftp.ncbi.nlm.nih.gov/genomes/all/GCF/900/128/525/GCF_900128525.1_BPUTEOMOX	na	na	na        	haploid	bacteria	3231340	3229695	39.5	0	208	208	NCBI RefSeq	GCF_900128525.1-RS_2024_04_30	2024-04-30	3130	2982	53	na	Bacteria	Pseudomonadati	Pseudomonadota	Gammaproteobacteria							unclassified Gammaproteobacteria											
GCF_900127505.1	PRJNA224116	SAMEA4553731	UEXF00000000.1	reference genome	343240	343240	thiotrophic endosymbiont of Bathymodiolus puteoserpentis (Logatchev)	na	BPUTEOSOX	latest	Scaffold	Major	Full	2019-05-28	BPUTEOSOX	MAX PLANCK INSTITUTE FOR MARINE MICROBIOLOGY	GCA_900127505.1	identical	https://ftp.ncbi.nlm.nih.gov/genomes/all/GCF/900/127/505/GCF_900127505.1_BPUTEOSOX	na	na	na        	haploid	bacteria	2189522	2005874	37.5	0	81	81	NCBI RefSeq	GCF_900127505.1-RS_2024_04_30	2024-04-30	2021	1900	36	na	Bacteria	Pseudomonadati	Pseudomonadota	Gammaproteobacteria							unclassified Gammaproteobacteria											
GCF_000063605.1	PRJNA224116	SAMEA3138268	na	reference genome	347257	2110	Mycoplasmopsis agalactiae PG2	strain=PG2	na	latest	Complete Genome	Major	Full	2007-05-24	ASM6360v1	Genoscope	GCA_000063605.1	identical	https://ftp.ncbi.nlm.nih.gov/genomes/all/GCF/000/063/605/GCF_000063605.1_ASM6360v1	na	assembly from type material	na        	haploid	bacteria	877438	877438	29.5	1	1	1	NCBI RefSeq	NCBI Prokaryotic Genome Annotation Pipeline (PGAP)	2024-02-26	813	761	43	na	Bacteria	Bacillati	Mycoplasmatota		Mycoplasmoidales	Metamycoplasmataceae	Mycoplasmopsis							Mycoplasmopsis agalactiae								
GCF_000016545.1	PRJNA224116	SAMN00623033	na	reference genome	351627	44001	Caldicellulosiruptor saccharolyticus DSM 8903	strain=DSM 8903	na	latest	Complete Genome	Major	Full	2007-04-19	ASM1654v1	US DOE Joint Genome Institute	GCA_000016545.1	identical	https://ftp.ncbi.nlm.nih.gov/genomes/all/GCF/000/016/545/GCF_000016545.1_ASM1654v1	na	assembly from type material	na        	haploid	bacteria	2970275	2970275	35.5	1	1	1	NCBI RefSeq	NCBI Prokaryotic Genome Annotation Pipeline (PGAP)	2024-02-25	2931	2773	59	18776029	Bacteria	Bacillati	Bacillota		Caldicellulosiruptorales	Caldicellulosiruptoraceae	Caldicellulosiruptor				Bacillota incertae sedis			Caldicellulosiruptor saccharolyticus								
GCF_004363315.1	PRJNA224116	SAMN09074868	SNYL00000000.1	reference genome	360241	360241	Tepidicella xavieri	strain=DSM 19605	na	latest	Scaffold	Major	Full	2019-03-22	ASM436331v1	DOE Joint Genome Institute	GCA_004363315.1	identical	https://ftp.ncbi.nlm.nih.gov/genomes/all/GCF/004/363/315/GCF_004363315.1_ASM436331v1	na	assembly from type material	na        	haploid	bacteria	2790625	2790151	66.0	0	36	36	NCBI RefSeq	GCF_004363315.1-RS_2024_05_04	2024-05-04	2731	2645	61	na	Bacteria	Pseudomonadati	Pseudomonadota	Betaproteobacteria	Burkholderiales		Tepidicella				Burkholderiales genera incertae sedis											
GCF_900088825.1	PRJNA224116	SAMEA4025135	FLMQ00000000.1	reference genome	364030	364030	Thiomonas delicata	strain=DSM 16361	na	latest	Scaffold	Major	Full	2017-07-28	BBA-D_PRJEB14160_v1	Genoscope CEA	GCA_900088825.1	identical	https://ftp.ncbi.nlm.nih.gov/genomes/all/GCF/900/088/825/GCF_900088825.1_BBA-D_PRJEB14160_v1	na	assembly from synonym type material	na        	haploid	bacteria	3841141	3832428	65.5	0	54	58	NCBI RefSeq	GCF_900088825.1-RS_2024_05_03	2024-05-03	3658	3525	50	na	Bacteria	Pseudomonadati	Pseudomonadota	Betaproteobacteria	Burkholderiales		Thiomonas				Burkholderiales genera incertae sedis											
GCF_002846615.1	PRJNA224116	SAMN04489734	PJMY00000000.1	reference genome	369930	369930	Amycolatopsis echigonensis	strain=DSM 45165	na	latest	Contig	Major	Full	2017-12-21	ASM284661v1	DOE Joint Genome Institute	GCA_002846615.1	identical	https://ftp.ncbi.nlm.nih.gov/genomes/all/GCF/002/846/615/GCF_002846615.1_ASM284661v1	na	assembly from synonym type material	na        	haploid	bacteria	9312963	9312963	69.5	0	3	3	NCBI RefSeq	GCF_002846615.1-RS_2024_08_07	2024-08-07	8998	8766	73	na																						
GCF_026337845.1	PRJNA224116	SAMN31156306	JAOVZF000000000.1	reference genome	376150	376150	Paraliomyxa miuraensis	strain=SMH-27-4	na	latest	Scaffold	Major	Full	2022-11-23	ASM2633784v1	Nagoya University	GCA_026337845.1	identical	https://ftp.ncbi.nlm.nih.gov/genomes/all/GCF/026/337/845/GCF_026337845.1_ASM2633784v1	na	assembly from type material	na        	haploid	bacteria	11848290	11847868	69.5	0	164	164	NCBI RefSeq	NCBI Prokaryotic Genome Annotation Pipeline (PGAP)	2024-01-05	9266	9152	84	na	Bacteria	Pseudomonadati	Myxococcota	Myxococcia	Myxococcales		Paraliomyxa				Myxococcales incertae sedis											
GCF_025234715.1	PRJNA224116	SAMN29987058	JANIEI000000000.1	reference genome	384621	384621	Exiguobacterium himgiriensis	strain=K22_26	na	latest	Contig	Major	Full	2022-09-16	ASM2523471v1	Anhui Normal University	GCA_025234715.1	identical	https://ftp.ncbi.nlm.nih.gov/genomes/all/GCF/025/234/715/GCF_025234715.1_ASM2523471v1	na	assembly from type material	na        	haploid	bacteria	2963334	2963334	51.0	0	151	151	NCBI RefSeq	GCF_025234715.1-RS_2024_09_29	2024-09-29	3145	3075	24	na	Bacteria	Bacillati	Bacillota	Bacilli	Bacillales		Exiguobacterium				Bacillales Family XII. Incertae Sedis											
GCF_000170895.1	PRJNA224116	SAMN02436152	ABCS00000000.1	reference genome	391625	191768	Plesiocystis pacifica SIR-1	strain=SIR-1	na	latest	Contig	Major	Full	2007-06-26	ASM17089v1	The Gordon and Betty Moore Foundation Microbial Genome Sequencing project	GCA_000170895.1	identical	https://ftp.ncbi.nlm.nih.gov/genomes/all/GCF/000/170/895/GCF_000170895.1_ASM17089v1	na	assembly from type material	na        	haploid	bacteria	10587646	10587646	70.5	0	237	237	NCBI RefSeq	GCF_000170895.1-RS_2024_03_28	2024-03-28	8352	8207	102	na	Bacteria	Pseudomonadati	Myxococcota		Nannocystales	Nannocystaceae	Plesiocystis		Polyangia					Plesiocystis pacifica								
GCF_014652595.1	PRJNA224116	SAMD00245628	BMZC00000000.1	reference genome	395568	395568	Paraglaciecola agarilytica	strain=KCTC 32337	na	latest	Scaffold	Major	Full	2020-09-12	ASM1465259v1	WFCC-MIRCEN World Data Centre for Microorganisms (WDCM)	GCA_014652595.1	identical	https://ftp.ncbi.nlm.nih.gov/genomes/all/GCF/014/652/595/GCF_014652595.1_ASM1465259v1	na	assembly from synonym type material	na        	haploid	bacteria	5639110	5635995	44.0	0	59	59	NCBI RefSeq	NCBI Prokaryotic Genome Annotation Pipeline (PGAP)	2024-03-11	4834	4690	81	30832757																						
GCF_030717845.1	PRJNA224116	SAMN36510745	JAUZVZ000000000.1	reference genome	400390	400390	Alkalimonas collagenimarina	strain=AC40	na	latest	Contig	Major	Full	2023-08-13	ASM3071784v1	National Centre For Cell Science (NCCS)	GCA_030717845.1	identical	https://ftp.ncbi.nlm.nih.gov/genomes/all/GCF/030/717/845/GCF_030717845.1_ASM3071784v1	na	assembly from type material	na        	haploid	bacteria	3848978	3848978	48.5	0	84	84	NCBI RefSeq	GCF_030717845.1-RS_2024_08_13	2024-08-13	3539	3427	65	na	Bacteria	Pseudomonadati	Pseudomonadota	Gammaproteobacteria			Alkalimonas				Gammaproteobacteria incertae sedis											
GCF_003052605.1	PRJNA224116	SAMN08891239	QASO00000000.1	reference genome	404407	404407	Pseudomonas indoloxydans	strain=JCM 14246	na	latest	Scaffold	Major	Full	2018-04-17	ASM305260v1	Zhejiang university	GCA_003052605.1	identical	https://ftp.ncbi.nlm.nih.gov/genomes/all/GCF/003/052/605/GCF_003052605.1_ASM305260v1	na	assembly from type material	na        	haploid	bacteria	5199651	5198591	62.0	0	143	143	NCBI RefSeq	GCF_003052605.1-RS_2024_04_22	2024-04-22	5134	4772	58	na																						
GCF_914590485.1	PRJNA224116	SAMEA9554956	na	reference genome	412034	412034	Celerinatantimonas diazotrophica	na	CEDIAZO1	latest	Complete Genome	Major	Full	2021-09-16	CEDIAZO_illumina_assembly	Max Planck Institute for Marine Microbiology	GCA_914590485.1	identical	https://ftp.ncbi.nlm.nih.gov/genomes/all/GCF/914/590/485/GCF_914590485.1_CEDIAZO_illumina_assembly	na	na	na        	haploid	bacteria	4005136	4005136	43.5	1	1	1	NCBI RefSeq	NCBI Prokaryotic Genome Annotation Pipeline (PGAP)	2023-11-04	3680	3502	102	na	Bacteria	Pseudomonadati	Pseudomonadota	Gammaproteobacteria		Celerinatantimonadaceae	Celerinatantimonas				Gammaproteobacteria incertae sedis											
GCF_000010405.1	PRJNA224116	SAMD00060908	na	reference genome	412965	412965	Candidatus Vesicomyosocius okutanii	strain=HA	na	latest	Complete Genome	Major	Full	2007-05-08	ASM1040v1	Japan Agency for Maine-Earth Science and Technology	GCA_000010405.1	identical	https://ftp.ncbi.nlm.nih.gov/genomes/all/GCF/000/010/405/GCF_000010405.1_ASM1040v1	na	na	na        	haploid	bacteria	1022154	1022154	31.5	1	1	1	NCBI RefSeq	GCF_000010405.1-RS_2024_06_16	2024-06-16	993	949	42	17493812;21966992	Bacteria	Pseudomonadati	Pseudomonadota	Gammaproteobacteria		Candidatus Pseudothioglobaceae	Candidatus Vesicomyosocius				Gammaproteobacteria incertae sedis											
GCF_000015105.1	PRJNA224116	SAMN02598375	na	reference genome	413404	386487	Candidatus Ruthia magnifica str. Cm (Calyptogena magnifica)	strain=Cm	na	latest	Complete Genome	Major	Full	2006-12-01	ASM1510v1	DOE Joint Genome Institute	GCA_000015105.1	identical	https://ftp.ncbi.nlm.nih.gov/genomes/all/GCF/000/015/105/GCF_000015105.1_ASM1510v1	na	na	na        	haploid	bacteria	1160782	1160782	34.0	1	1	1	NCBI RefSeq	GCF_000015105.1-RS_2024_04_08	2024-04-08	1129	1071	42	17303757	Bacteria	Pseudomonadati	Pseudomonadota	Gammaproteobacteria		Candidatus Pseudothioglobaceae	Candidatus Ruthturnera				Gammaproteobacteria incertae sedis			Candidatus Ruthturnera calyptogenae								
GCF_900107485.1	PRJNA224116	SAMN05660462	FNQE00000000.1	reference genome	415015	415015	Proteiniborus ethanoligenes	strain=DSM 21650	na	latest	Scaffold	Major	Full	2016-10-22	IMG-taxon 2599185206 annotated assembly	DOE - JOINT GENOME INSTITUTE	GCA_900107485.1	identical	https://ftp.ncbi.nlm.nih.gov/genomes/all/GCF/900/107/485/GCF_900107485.1_IMG-taxon_2599185206_annotated_assembly	na	assembly from type material	na        	haploid	bacteria	3161504	3160879	32.5	0	69	69	NCBI RefSeq	GCF_900107485.1-RS_2024_04_24	2024-04-24	3015	2950	34	na	Bacteria	Bacillati	Bacillota	Clostridia	Eubacteriales		Proteiniborus				Eubacteriales incertae sedis											
GCF_000253115.1	PRJNA224116	SAMEA2272520	na	reference genome	426114	426114	Thiomonas arsenitoxydans	strain=3As	na	latest	Chromosome	Major	Full	2010-04-07	ASM25311v1	Génétique Moléculaire, Génomique et Microbiologie UMR 7156 ULP - CNRS Université Louis Pasteur	GCA_000253115.1	identical	https://ftp.ncbi.nlm.nih.gov/genomes/all/GCF/000/253/115/GCF_000253115.1_ASM25311v1	na	assembly from type material	na        	haploid	bacteria	3785534	3777700	64.0	2	2	2	NCBI RefSeq	NCBI Prokaryotic Genome Annotation Pipeline (PGAP)	2024-02-11	3651	3535	50	na	Bacteria	Pseudomonadati	Pseudomonadota	Betaproteobacteria	Burkholderiales		Thiomonas				Burkholderiales genera incertae sedis											
GCF_039530045.1	PRJNA224116	SAMD00645232	BAAANY000000000.1	reference genome	435914	435914	Fodinicola feengrottensis	strain=JCM 14718	na	latest	Scaffold	Major	Full	2024-02-23	ASM3953004v1	WFCC-MIRCEN World Data Centre for Microorganisms (WDCM)	GCA_039530045.1	identical	https://ftp.ncbi.nlm.nih.gov/genomes/all/GCF/039/530/045/GCF_039530045.1_ASM3953004v1	na	assembly from type material	na        	haploid	bacteria	8979164	8977313	66.5	0	76	76	NCBI RefSeq	GCF_039530045.1-RS_2024_05_10	2024-05-10	8447	8297	61	30832757	Bacteria	Bacillati	Actinomycetota	Actinomycetes	Mycobacteriales		Fodinicola				Corynebacteriales incertae sedis											
GCF_900217815.1	PRJNA224116	SAMN05877831	OBMT00000000.1	reference genome	446682	446682	Rhodobacter maris	strain=JA276	na	latest	Scaffold	Major	Full	2017-09-28	IMG-taxon 2739368070 annotated assembly	DOE - JOINT GENOME INSTITUTE	GCA_900217815.1	identical	https://ftp.ncbi.nlm.nih.gov/genomes/all/GCF/900/217/815/GCF_900217815.1_IMG-taxon_2739368070_annotated_assembly	na	assembly from type material	na        	haploid	bacteria	3833743	3833450	65.0	0	57	57	NCBI RefSeq	GCF_900217815.1-RS_2024_10_22	2024-10-22	3736	3634	53	na	Bacteria	Pseudomonadati	Pseudomonadota	Alphaproteobacteria	Rhodobacterales		Rhodobacter				Rhodobacter group											
GCF_000067165.1	PRJNA224116	SAMEA3138271	na	reference genome	448385	56	Sorangium cellulosum So ce56	strain=So ce 56	na	latest	Complete Genome	Major	Full	2007-11-27	ASM6716v1	Bielefeld Univ	GCA_000067165.1	identical	https://ftp.ncbi.nlm.nih.gov/genomes/all/GCF/000/067/165/GCF_000067165.1_ASM6716v1	na	na	na        	haploid	bacteria	13033779	13033779	71.5	1	1	1	NCBI RefSeq	GCF_000067165.1-RS_2024_03_28	2024-03-28	9700	9574	80	17965706	Bacteria	Pseudomonadati	Myxococcota		Polyangiales	Polyangiaceae	Sorangium		Polyangia					Sorangium cellulosum								
GCF_009909205.1	PRJNA224116	SAMN13781885	JAAAPN000000000.1	reference genome	450365	450365	Aquabacterium fontiphilum	strain=CS-6	na	latest	Contig	Major	Full	2020-01-20	ASM990920v1	National Kaohsiung University of Science and Technology	GCA_009909205.1	identical	https://ftp.ncbi.nlm.nih.gov/genomes/all/GCF/009/909/205/GCF_009909205.1_ASM990920v1	na	assembly from type material	na        	haploid	bacteria	3654339	3654339	66.0	0	37	37	NCBI RefSeq	NCBI Prokaryotic Genome Annotation Pipeline (PGAP)	2024-02-06	3293	3209	64	na	Bacteria	Pseudomonadati	Pseudomonadota	Betaproteobacteria	Burkholderiales		Aquabacterium				Burkholderiales genera incertae sedis											
GCF_900156655.1	PRJNA224116	SAMN05421580	FTOG00000000.1	reference genome	453582	453582	Rhodobacter aestuarii	strain=DSM 19945	na	latest	Contig	Major	Full	2017-01-14	IMG-taxon 2681813516 annotated assembly	DOE - JOINT GENOME INSTITUTE	GCA_900156655.1	identical	https://ftp.ncbi.nlm.nih.gov/genomes/all/GCF/900/156/655/GCF_900156655.1_IMG-taxon_2681813516_annotated_assembly	na	assembly from type material	na        	haploid	bacteria	3841151	3841151	61.0	0	31	31	NCBI RefSeq	GCF_900156655.1-RS_2024_10_22	2024-10-22	3674	3582	54	na	Bacteria	Pseudomonadati	Pseudomonadota	Alphaproteobacteria	Rhodobacterales		Rhodobacter				Rhodobacter group											
GCF_023195885.1	PRJNA224116	SAMN27753706	JALPKO000000000.1	reference genome	455253	455253	Methylonatrum kenyense	strain=AMT 1	na	latest	Contig	Major	Full	2022-05-01	ASM2319588v1	Research Center of Biotechnology RAS	GCA_023195885.1	identical	https://ftp.ncbi.nlm.nih.gov/genomes/all/GCF/023/195/885/GCF_023195885.1_ASM2319588v1	na	assembly from type material	na        	haploid	bacteria	2953873	2953873	63.5	0	29	29	NCBI RefSeq	GCF_023195885.1-RS_2024_05_14	2024-05-14	2735	2663	52	18048722	Bacteria	Pseudomonadati	Pseudomonadota	Gammaproteobacteria			Methylonatrum				Gammaproteobacteria incertae sedis											
GCF_004217215.1	PRJNA224116	SAMN10866320	SHKP00000000.1	reference genome	457575	457575	Rivibacter subsaxonicus	strain=DSM 19570	na	latest	Scaffold	Major	Full	2019-02-20	ASM421721v1	DOE Joint Genome Institute	GCA_004217215.1	identical	https://ftp.ncbi.nlm.nih.gov/genomes/all/GCF/004/217/215/GCF_004217215.1_ASM421721v1	na	assembly from type material	na        	haploid	bacteria	3942086	3942076	69.5	0	12	12	NCBI RefSeq	GCF_004217215.1-RS_2024_04_10	2024-04-10	3728	3656	56	na	Bacteria	Pseudomonadati	Pseudomonadota	Betaproteobacteria	Burkholderiales		Rivibacter				Burkholderiales genera incertae sedis											
GCF_006546935.1	PRJNA224116	SAMN11077853	SMDN00000000.1	reference genome	458208	458208	Mycoplasmopsis mucosicanis	strain=1642	na	latest	Contig	Major	Full	2019-07-02	ASM654693v1	Cornell University	GCA_006546935.1	identical	https://ftp.ncbi.nlm.nih.gov/genomes/all/GCF/006/546/935/GCF_006546935.1_ASM654693v1	na	assembly from type material	na        	haploid	bacteria	869512	869512	29.5	0	57	57	NCBI RefSeq	NCBI Prokaryotic Genome Annotation Pipeline (PGAP)	2024-02-28	747	691	43	na	Bacteria	Bacillati	Mycoplasmatota		Mycoplasmoidales	Metamycoplasmataceae	Mycoplasmopsis															
GCF_001431085.1	PRJNA224116	SAMD00024443	BBRU00000000.1	reference genome	467085	467085	Candidatus Symbiothrix dinenymphae	strain=C5-4h	na	latest	Contig	Major	Full	2015-08-25	ASM143108v1	Microbe Division (RIKEN BRC JCM), RIKEN BioResource Center	GCA_001431085.1	identical	https://ftp.ncbi.nlm.nih.gov/genomes/all/GCF/001/431/085/GCF_001431085.1_ASM143108v1	na	na	na        	haploid	bacteria	1173072	1173072	46.0	0	599	599	NCBI RefSeq	GCF_001431085.1-RS_2024_03_31	2024-03-31	1317	1135	14	26079531	Bacteria	Pseudomonadati	Bacteroidota	Bacteroidia	Bacteroidales		Candidatus Symbiothrix			Bacteroidota/Chlorobiota group	Bacteroidales incertae sedis											
GCF_037081835.1	PRJNA224116	SAMN40154454	na	reference genome	495820	495820	Spirobacillus cienkowskii	strain=FI-SP1	na	latest	Complete Genome	Major	Full	2024-04-05	ASM3708183v1	Department of Environmental Sciences, Zoology, University of Basel	GCA_037081835.1	identical	https://ftp.ncbi.nlm.nih.gov/genomes/all/GCF/037/081/835/GCF_037081835.1_ASM3708183v1	na	na	na        	haploid	bacteria	2806830	2806830	32.0	1	1	1	NCBI RefSeq	GCF_037081835.1-RS_2024_04_05	2024-04-05	2540	2474	58	na	Bacteria	Pseudomonadati	Bdellovibrionota	Oligoflexia	Silvanigrellales		Spirobacillus				Silvanigrellales incertae sedis											
GCF_000024805.1	PRJNA224116	SAMN00002596	na	reference genome	502025	80816	Haliangium ochraceum DSM 14365	strain=DSM 14365	na	latest	Complete Genome	Major	Full	2009-10-27	ASM2480v1	US DOE Joint Genome Institute (JGI-PGF)	GCA_000024805.1	identical	https://ftp.ncbi.nlm.nih.gov/genomes/all/GCF/000/024/805/GCF_000024805.1_ASM2480v1	na	assembly from type material	na        	haploid	bacteria	9446314	9446314	69.5	1	1	1	NCBI RefSeq	GCF_000024805.1-RS_2024_03_28	2024-03-28	6930	6791	57	21304682	Bacteria	Pseudomonadati	Myxococcota		Haliangiales	Kofleriaceae	Haliangium		Polyangia					Haliangium ochraceum								
GCF_000019345.1	PRJNA224116	SAMN02604063	na	reference genome	505682	134821	Ureaplasma parvum serovar 3 str. ATCC 27815	strain=ATCC 27815	na	latest	Complete Genome	Major	Full	2008-02-26	ASM1934v1	TIGR	GCA_000019345.1	identical	https://ftp.ncbi.nlm.nih.gov/genomes/all/GCF/000/019/345/GCF_000019345.1_ASM1934v1	na	assembly from type material	na        	haploid	bacteria	751679	751679	25.5	1	1	1	NCBI RefSeq	NCBI Prokaryotic Genome Annotation Pipeline (PGAP)	2024-02-28	647	604	39	na	Bacteria	Bacillati	Mycoplasmatota		Mycoplasmoidales	Mycoplasmoidaceae	Ureaplasma				Ureaplasma parvum serovar 3			Ureaplasma parvum								
GCF_000010645.1	PRJNA224116	SAMD00060940	na	reference genome	511995	511435	Candidatus Azobacteroides pseudotrichonymphae genomovar. CFP2	strain=CfPt1-2	na	latest	Complete Genome	Major	Full	2008-11-12	ASM1064v1	RIKEN Genomic Sciences Center (GSC)	GCA_000010645.1	identical	https://ftp.ncbi.nlm.nih.gov/genomes/all/GCF/000/010/645/GCF_000010645.1_ASM1064v1	na	na	na        	haploid	bacteria	1224919	1224919	33.0	5	5	5	NCBI RefSeq	NCBI Prokaryotic Genome Annotation Pipeline (PGAP)	2023-12-18	1049	996	44	19008447	Bacteria	Pseudomonadati	Bacteroidota	Bacteroidia	Bacteroidales		Candidatus Azobacteroides			Bacteroidota/Chlorobiota group	Bacteroidales incertae sedis			Candidatus Azobacteroides pseudotrichonymphae								
GCF_000022325.1	PRJNA224116	SAMN02598462	na	reference genome	521460	31899	Caldicellulosiruptor bescii DSM 6725	strain=DSM 6725	na	latest	Complete Genome	Major	Full	2009-02-04	ASM2232v1	US DOE Joint Genome Institute (JGI-PGF)	GCA_000022325.1	identical	https://ftp.ncbi.nlm.nih.gov/genomes/all/GCF/000/022/325/GCF_000022325.1_ASM2232v1	na	assembly from type material	na        	haploid	bacteria	2931662	2931662	35.0	3	3	3	NCBI RefSeq	NCBI Prokaryotic Genome Annotation Pipeline (PGAP)	2024-02-25	2836	2671	61	na	Bacteria	Bacillati	Bacillota		Caldicellulosiruptorales	Caldicellulosiruptoraceae	Caldicellulosiruptor				Bacillota incertae sedis			Caldicellulosiruptor bescii								
GCF_014207655.1	PRJNA224116	SAMN14908516	JACHHJ000000000.1	reference genome	549000	549000	Geomicrobium halophilum	strain=DSM 21769	na	latest	Scaffold	Major	Full	2020-08-14	ASM1420765v1	DOE Joint Genome Institute	GCA_014207655.1	identical	https://ftp.ncbi.nlm.nih.gov/genomes/all/GCF/014/207/655/GCF_014207655.1_ASM1420765v1	na	assembly from type material	na        	haploid	bacteria	3510585	3510395	43.0	0	11	11	NCBI RefSeq	GCF_014207655.1-RS_2024_05_05	2024-05-05	3502	3377	65	na	Bacteria	Bacillati	Bacillota	Bacilli	Bacillales		Geomicrobium				Bacillales incertae sedis											
GCF_036350065.1	PRJNA224116	SAMN39641557	JAZDWZ000000000.1	reference genome	561067	561067	Mycoplasmopsis ciconiae	strain=DSM 25251	na	latest	Contig	Major	Full	2024-02-03	ASM3635006v1	Institute of Microbiology	GCA_036350065.1	identical	https://ftp.ncbi.nlm.nih.gov/genomes/all/GCF/036/350/065/GCF_036350065.1_ASM3635006v1	na	assembly from type material	na        	haploid	bacteria	937566	937566	27.5	0	22	22	NCBI RefSeq	NCBI Prokaryotic Genome Annotation Pipeline (PGAP)	2024-02-05	713	671	39	na	Bacteria	Bacillati	Mycoplasmatota		Mycoplasmoidales	Metamycoplasmataceae	Mycoplasmopsis															
GCF_000145215.1	PRJNA224116	SAMN00713559	na	reference genome	608506	717609	Caldicellulosiruptor obsidiansis OB47	strain=OB47	na	latest	Complete Genome	Major	Full	2010-08-11	ASM14521v1	US DOE Joint Genome Institute	GCA_000145215.1	identical	https://ftp.ncbi.nlm.nih.gov/genomes/all/GCF/000/145/215/GCF_000145215.1_ASM14521v1	na	assembly from type material	na        	haploid	bacteria	2532343	2532343	35.0	1	1	1	NCBI RefSeq	NCBI Prokaryotic Genome Annotation Pipeline (PGAP)	2024-02-25	2416	2299	59	20851897	Bacteria	Bacillati	Bacillota		Caldicellulosiruptorales	Caldicellulosiruptoraceae	Caldicellulosiruptor				Bacillota incertae sedis			Caldicellulosiruptor obsidiansis								
GCF_002798015.1	PRJNA224116	SAMN07621183	PGTZ00000000.1	reference genome	620910	620910	Luteimicrobium subarcticum	strain=DSM 22413	na	latest	Contig	Major	Full	2017-11-28	ASM279801v1	DOE Joint Genome Institute	GCA_002798015.1	identical	https://ftp.ncbi.nlm.nih.gov/genomes/all/GCF/002/798/015/GCF_002798015.1_ASM279801v1	na	assembly from type material	na        	haploid	bacteria	3632746	3632746	73.0	0	14	14	NCBI RefSeq	GCF_002798015.1-RS_2024_05_03	2024-05-03	3241	3167	52	na	Bacteria	Bacillati	Actinomycetota	Actinomycetes	Micrococcales		Luteimicrobium				Micrococcales incertae sedis											
GCF_003515105.1	PRJNA224116	SAMN09939547	na	reference genome	621376	621376	Pseudoalteromonas donghaensis	strain=HJ51	na	latest	Complete Genome	Major	Full	2018-09-10	ASM351510v1	Chungbuk national university	GCA_003515105.1	identical	https://ftp.ncbi.nlm.nih.gov/genomes/all/GCF/003/515/105/GCF_003515105.1_ASM351510v1	na	assembly from type material	na        	haploid	bacteria	4733916	4733916	41.5	3	3	3	NCBI RefSeq	GCF_003515105.1-RS_2024_04_22	2024-04-22	4175	4032	131	na																						
GCF_000169535.1	PRJNA224116	SAMN02435844	AAYN00000000.2	reference genome	626095	2130	Ureaplasma urealyticum serovar 8 str. ATCC 27618	strain=ATCC 27618	na	latest	Contig	Major	Full	2009-03-19	ASM16953v1	TIGR	GCA_000169535.1	identical	https://ftp.ncbi.nlm.nih.gov/genomes/all/GCF/000/169/535/GCF_000169535.1_ASM16953v1	na	assembly from type material	na        	haploid	bacteria	881828	881828	26.0	0	2	2	NCBI RefSeq	NCBI Prokaryotic Genome Annotation Pipeline (PGAP)	2024-02-28	707	660	39	na	Bacteria	Bacillati	Mycoplasmatota		Mycoplasmoidales	Mycoplasmoidaceae	Ureaplasma				Ureaplasma urealyticum serovar 8			Ureaplasma urealyticum								
GCF_000166355.1	PRJNA224116	SAMN00713562	na	reference genome	632292	413888	Caldicellulosiruptor hydrothermalis 108	strain=108	na	latest	Complete Genome	Major	Full	2010-11-10	ASM16635v1	US DOE Joint Genome Institute	GCA_000166355.1	identical	https://ftp.ncbi.nlm.nih.gov/genomes/all/GCF/000/166/355/GCF_000166355.1_ASM16635v1	na	assembly from type material	na        	haploid	bacteria	2770676	2770676	36.0	1	1	1	NCBI RefSeq	NCBI Prokaryotic Genome Annotation Pipeline (PGAP)	2024-02-25	2682	2585	61	21216991	Bacteria	Bacillati	Bacillota		Caldicellulosiruptorales	Caldicellulosiruptoraceae	Caldicellulosiruptor				Bacillota incertae sedis			Caldicellulosiruptor hydrothermalis								
GCF_000166695.1	PRJNA224116	SAMN00713564	na	reference genome	632335	301953	Caldicellulosiruptor acetigenus I77R1B	strain=177R1B	na	latest	Complete Genome	Major	Full	2010-11-17	ASM16669v1	US DOE Joint Genome Institute (JGI-PGF)	GCA_000166695.1	identical	https://ftp.ncbi.nlm.nih.gov/genomes/all/GCF/000/166/695/GCF_000166695.1_ASM16669v1	na	assembly from synonym type material	na        	haploid	bacteria	2802443	2802443	36.0	2	2	2	NCBI RefSeq	NCBI Prokaryotic Genome Annotation Pipeline (PGAP)	2024-02-25	2718	2578	61	21216991	Bacteria	Bacillati	Bacillota		Caldicellulosiruptorales	Caldicellulosiruptoraceae	Caldicellulosiruptor				Bacillota incertae sedis			Caldicellulosiruptor acetigenus								
GCF_000166775.1	PRJNA224116	SAMN00713565	na	reference genome	632348	413889	Caldicellulosiruptor kronotskyensis 2002	strain=2002	na	latest	Complete Genome	Major	Full	2010-11-17	ASM16677v1	US DOE Joint Genome Institute (JGI-PGF)	GCA_000166775.1	identical	https://ftp.ncbi.nlm.nih.gov/genomes/all/GCF/000/166/775/GCF_000166775.1_ASM16677v1	na	assembly from type material	na        	haploid	bacteria	2843785	2843785	35.0	1	1	1	NCBI RefSeq	NCBI Prokaryotic Genome Annotation Pipeline (PGAP)	2024-02-25	2634	2507	59	21216991	Bacteria	Bacillati	Bacillota		Caldicellulosiruptorales	Caldicellulosiruptoraceae	Caldicellulosiruptor				Bacillota incertae sedis			Caldicellulosiruptor kronotskyensis								
GCF_000166335.1	PRJNA224116	SAMN00713561	na	reference genome	632518	55205	Caldicellulosiruptor owensensis OL	strain=OL	na	latest	Complete Genome	Major	Full	2010-11-10	ASM16633v1	US DOE Joint Genome Institute	GCA_000166335.1	identical	https://ftp.ncbi.nlm.nih.gov/genomes/all/GCF/000/166/335/GCF_000166335.1_ASM16633v1	na	assembly from type material	na        	haploid	bacteria	2428903	2428903	35.5	1	1	1	NCBI RefSeq	NCBI Prokaryotic Genome Annotation Pipeline (PGAP)	2024-02-25	2342	2210	60	21216991	Bacteria	Bacillati	Bacillota		Caldicellulosiruptorales	Caldicellulosiruptoraceae	Caldicellulosiruptor				Bacillota incertae sedis			Caldicellulosiruptor owensensis								
GCF_002020875.1	PRJNA224116	SAMN06016299	MPRL00000000.1	reference genome	642797	642797	Solemya pervernicosa gill symbiont	na	Sp-SM6	latest	Contig	Major	Full	2017-03-06	ASM202087v1	Harvard University	GCA_002020875.1	identical	https://ftp.ncbi.nlm.nih.gov/genomes/all/GCF/002/020/875/GCF_002020875.1_ASM202087v1	na	na	na        	haploid	bacteria	3563444	3563444	54.0	0	161	161	NCBI RefSeq	NCBI Prokaryotic Genome Annotation Pipeline (PGAP)	2024-02-04	3428	3295	49	na	Bacteria	Pseudomonadati	Pseudomonadota	Gammaproteobacteria						sulfur-oxidizing symbionts	Gammaproteobacteria incertae sedis											
GCF_004296535.1	PRJNA224116	SAMD00080337	na	reference genome	650377	650377	endosymbiont of Euscepes postfasciatus	na	NAREPO1	latest	Complete Genome	Major	Full	2017-10-21	ASM429653v1	The Open University of Japan	GCA_004296535.1	identical	https://ftp.ncbi.nlm.nih.gov/genomes/all/GCF/004/296/535/GCF_004296535.1_ASM429653v1	na	na	na        	haploid	bacteria	219841	219841	16.0	1	1	1	NCBI RefSeq	NCBI Prokaryotic Genome Annotation Pipeline (PGAP)	2024-02-18	244	209	31	28923972	Bacteria	Pseudomonadati	Pseudomonadota	Gammaproteobacteria							unclassified Gammaproteobacteria											
GCF_000441555.1	PRJNA224116	SAMN02603760	na	reference genome	669502	669502	Candidatus Profftella armatura	strain=DC	na	latest	Complete Genome	Major	Full	2013-07-26	ASM44155v1	RIKEN	GCA_000441555.1	identical	https://ftp.ncbi.nlm.nih.gov/genomes/all/GCF/000/441/555/GCF_000441555.1_ASM44155v1	na	na	na        	haploid	bacteria	464857	464857	24.0	2	2	2	NCBI RefSeq	GCF_000441555.1-RS_2024_03_31	2024-03-31	399	349	40	23850282	Bacteria	Pseudomonadati	Pseudomonadota	Betaproteobacteria			Candidatus Profftella				Betaproteobacteria incertae sedis											
GCF_000513475.1	PRJNA224116	SAMEA3138847	na	reference genome	673862	673862	Candidatus Babela massiliensis	strain=673862	na	latest	Complete Genome	Major	Full	2013-12-04	Bbla	ebi	GCA_000513475.1	identical	https://ftp.ncbi.nlm.nih.gov/genomes/all/GCF/000/513/475/GCF_000513475.1_Bbla	na	na	na        	haploid	bacteria	1118422	1118422	27.5	1	1	1	NCBI RefSeq	GCF_000513475.1-RS_2024_03_31	2024-03-31	1025	980	44	25884386	Bacteria			Candidatus Babeliae	Candidatus Babeliales	Candidatus Babeliaceae	Candidatus Babela			Candidatus Babelota	Bacteria incertae sedis											
GCF_014191545.1	PRJNA224116	SAMD00238716	na	reference genome	708113	708113	Terrihabitans soli	strain=IZ6	na	latest	Complete Genome	Major	Full	2020-08-07	ASM1419154v1	National Institute of Advanced Industrial Science and Technology	GCA_014191545.1	identical	https://ftp.ncbi.nlm.nih.gov/genomes/all/GCF/014/191/545/GCF_014191545.1_ASM1419154v1	na	assembly from type material	na        	haploid	bacteria	3114641	3114641	62.0	1	1	1	NCBI RefSeq	GCF_014191545.1-RS_2024_03_28	2024-03-28	3184	3101	58	32906802	Bacteria	Pseudomonadati	Pseudomonadota	Alphaproteobacteria	Hyphomicrobiales		Terrihabitans				Hyphomicrobiales incertae sedis											
GCF_014202905.1	PRJNA224116	SAMN14908342	JACHHY000000000.1	reference genome	714531	714531	Chitinivorax tropicus	strain=DSM 27165	na	latest	Scaffold	Major	Full	2020-08-14	ASM1420290v1	DOE Joint Genome Institute	GCA_014202905.1	identical	https://ftp.ncbi.nlm.nih.gov/genomes/all/GCF/014/202/905/GCF_014202905.1_ASM1420290v1	na	assembly from type material	na        	haploid	bacteria	4405960	4405282	56.0	0	91	91	NCBI RefSeq	GCF_014202905.1-RS_2024_05_05	2024-05-05	3900	3771	61	na	Bacteria	Pseudomonadati	Pseudomonadota	Betaproteobacteria			Chitinivorax				Betaproteobacteria incertae sedis											
GCF_000524555.1	PRJNA224116	SAMN02641634	na	reference genome	743966	45362	Mesomycoplasma bovoculi M165/69	strain=M165/69	na	latest	Complete Genome	Major	Full	2014-01-30	ASM52455v1	University of Missouri	GCA_000524555.1	identical	https://ftp.ncbi.nlm.nih.gov/genomes/all/GCF/000/524/555/GCF_000524555.1_ASM52455v1	na	assembly from type material	na        	haploid	bacteria	760240	760240	28.0	1	1	1	NCBI RefSeq	NCBI Prokaryotic Genome Annotation Pipeline (PGAP)	2024-02-28	627	588	36	24558249	Bacteria	Bacillati	Mycoplasmatota		Mycoplasmoidales	Metamycoplasmataceae	Mesomycoplasma							Mesomycoplasma bovoculi								
GCF_028885435.1	PRJNA224116	SAMN33355825	na	reference genome	743968	29562	Mesomycoplasma ovipneumoniae ATCC 29419	strain=Y98	na	latest	Complete Genome	Major	Full	2023-02-28	ASM2888543v1	Institute of Microbiology	GCA_028885435.1	identical	https://ftp.ncbi.nlm.nih.gov/genomes/all/GCF/028/885/435/GCF_028885435.1_ASM2888543v1	na	assembly from type material	na        	haploid	bacteria	1081520	1081520	29.0	1	1	1	NCBI RefSeq	NCBI Prokaryotic Genome Annotation Pipeline (PGAP)	2024-02-29	805	762	35	na	Bacteria	Bacillati	Mycoplasmatota		Mycoplasmoidales	Metamycoplasmataceae	Mesomycoplasma							Mesomycoplasma ovipneumoniae								
GCF_000815065.1	PRJNA224116	SAMN02730214	na	reference genome	743971	2128	Mesomycoplasma flocculare ATCC 27399	strain=Ms42	na	latest	Complete Genome	Major	Full	2015-01-06	ASM81506v1	University of Missouri	GCA_000815065.1	identical	https://ftp.ncbi.nlm.nih.gov/genomes/all/GCF/000/815/065/GCF_000815065.1_ASM81506v1	na	assembly from type material	na        	haploid	bacteria	778866	778866	29.0	1	1	1	NCBI RefSeq	NCBI Prokaryotic Genome Annotation Pipeline (PGAP)	2024-02-26	632	594	35	25767245	Bacteria	Bacillati	Mycoplasmatota		Mycoplasmoidales	Metamycoplasmataceae	Mesomycoplasma							Mesomycoplasma flocculare								
GCF_900167555.1	PRJNA224116	SAMN02745178	FUYF00000000.1	reference genome	745368	745368	Gemmiger formicilis	strain=ATCC 27749	na	latest	Scaffold	Major	Full	2017-03-04	IMG-taxon 2590828806 annotated assembly	DOE - JOINT GENOME INSTITUTE	GCA_900167555.1	identical	https://ftp.ncbi.nlm.nih.gov/genomes/all/GCF/900/167/555/GCF_900167555.1_IMG-taxon_2590828806_annotated_assembly	na	assembly from type material	na        	haploid	bacteria	3241569	3241549	58.0	0	92	92	NCBI RefSeq	GCF_900167555.1-RS_2024_03_30	2024-03-30	2969	2855	62	na	Bacteria	Bacillati	Bacillota	Clostridia	Eubacteriales		Gemmiger				Eubacteriales incertae sedis											
GCF_000178375.1	PRJNA224116	SAMN02436327	ADNC00000000.1	reference genome	747682	47687	Mycoplasmopsis alligatoris A21JP2	strain=A21JP2	na	latest	Contig	Major	Full	2010-03-30	ASM17837v1	J. Craig Venter Institute	GCA_000178375.1	identical	https://ftp.ncbi.nlm.nih.gov/genomes/all/GCF/000/178/375/GCF_000178375.1_ASM17837v1	na	assembly from type material	na        	haploid	bacteria	973030	973030	26.5	0	33	33	NCBI RefSeq	NCBI Prokaryotic Genome Annotation Pipeline (PGAP)	2024-02-28	844	785	41	na	Bacteria	Bacillati	Mycoplasmatota		Mycoplasmoidales	Metamycoplasmataceae	Mycoplasmopsis							Mycoplasmopsis alligatoris								
GCF_003444685.1	PRJNA224116	SAMN03941568	LMAZ00000000.1	reference genome	857227	857227	Halopseudomonas gallaeciensis	strain=V113	na	latest	Scaffold	Major	Full	2018-09-04	ASM344468v1	University of Balearic Islands	GCA_003444685.1	identical	https://ftp.ncbi.nlm.nih.gov/genomes/all/GCF/003/444/685/GCF_003444685.1_ASM344468v1	na	assembly from type material	na        	haploid	bacteria	4246542	4226682	61.5	0	18	18	NCBI RefSeq	NCBI Prokaryotic Genome Annotation Pipeline (PGAP)	2024-01-29	3985	3902	54	29673864																						
GCF_006491995.1	PRJNA224116	SAMN12087789	VHHP00000000.1	reference genome	872983	872983	Metamycoplasma neophronis	strain=DSM 24097	na	latest	Contig	Major	Full	2019-06-26	ASM649199v1	Institute of Microbiology	GCA_006491995.1	identical	https://ftp.ncbi.nlm.nih.gov/genomes/all/GCF/006/491/995/GCF_006491995.1_ASM649199v1	na	assembly from type material	na        	haploid	bacteria	747412	747412	30.5	0	65	65	NCBI RefSeq	GCF_006491995.1-RS_2024_08_24	2024-08-24	620	574	41	na	Bacteria	Bacillati	Mycoplasmatota		Mycoplasmoidales	Metamycoplasmataceae	Metamycoplasma															
GCF_003182095.1	PRJNA224116	SAMN08769613	QGTJ00000000.1	reference genome	886464	886464	Plasticicumulans acidivorans	strain=DSM 23606	na	latest	Scaffold	Major	Full	2018-05-31	ASM318209v1	DOE Joint Genome Institute	GCA_003182095.1	identical	https://ftp.ncbi.nlm.nih.gov/genomes/all/GCF/003/182/095/GCF_003182095.1_ASM318209v1	na	assembly from type material	na        	haploid	bacteria	4296265	4295487	66.0	0	28	28	NCBI RefSeq	GCF_003182095.1-RS_2024_05_04	2024-05-04	3993	3885	62	na	Bacteria	Pseudomonadati	Pseudomonadota	Gammaproteobacteria		Candidatus Competibacteraceae	Plasticicumulans				Gammaproteobacteria incertae sedis											
GCF_963924755.1	PRJNA224116	SAMEA115133705	CAWUQY000000000.1	reference genome	888830	888830	Aetherobacter fasciculatus	na	Afasciculatus	latest	Contig	Major	Full	2024-04-30	Aetherobacter_fasciculatus	WAGENINGEN UNIVERSITY	GCA_963924755.1	identical	https://ftp.ncbi.nlm.nih.gov/genomes/all/GCF/963/924/755/GCF_963924755.1_Aetherobacter_fasciculatus	na	na	na        	haploid	bacteria	13468407	13468407	69.5	0	17	17	NCBI RefSeq	GCF_963924755.1-RS_2024_05_18	2024-05-18	17443	15350	87	na	Bacteria	Pseudomonadati	Myxococcota		Polyangiales	Polyangiaceae	Aetherobacter		Polyangia													
GCF_026626665.1	PRJNA224116	SAMN31786609	JAPNKE000000000.1	reference genome	889268	889268	Nannocystis pusilla	strain=Na p29	na	latest	Contig	Major	Full	2022-12-04	ASM2662666v1	University of Mississippi	GCA_026626665.1	identical	https://ftp.ncbi.nlm.nih.gov/genomes/all/GCF/026/626/665/GCF_026626665.1_ASM2662666v1	na	assembly from type material	na        	haploid	bacteria	11987768	11987768	72.0	0	2	2	NCBI RefSeq	GCF_026626665.1-RS_2024_03_29	2024-03-29	10638	10317	95	na	Bacteria	Pseudomonadati	Myxococcota		Nannocystales	Nannocystaceae	Nannocystis		Polyangia													
GCF_005144585.1	PRJNA224116	SAMN11382520	SSMQ00000000.1	reference genome	889272	889272	Polyangium fumosum	strain=DSM 14668	na	latest	Contig	Major	Full	2019-05-03	ASM514458v1	Shandong University	GCA_005144585.1	identical	https://ftp.ncbi.nlm.nih.gov/genomes/all/GCF/005/144/585/GCF_005144585.1_ASM514458v1	na	assembly designated as neotype	na        	haploid	bacteria	12981589	12981589	69.0	0	201	201	NCBI RefSeq	GCF_005144585.1-RS_2024_03_29	2024-03-29	10294	10162	90	na	Bacteria	Pseudomonadati	Myxococcota		Polyangiales	Polyangiaceae	Polyangium		Polyangia													
GCF_029946465.1	PRJNA224116	SAMN34358974	JARZHI000000000.1	reference genome	889274	889274	Polyangium sorediatum	strain=DSM 14670	na	latest	Contig	Major	Full	2023-05-03	ASM2994646v1	Guangdong Institute of Microbiology	GCA_029946465.1	identical	https://ftp.ncbi.nlm.nih.gov/genomes/all/GCF/029/946/465/GCF_029946465.1_ASM2994646v1	na	assembly from type material	na        	haploid	bacteria	12637164	12637164	69.0	0	183	183	NCBI RefSeq	GCF_029946465.1-RS_2024_05_03	2024-05-03	9999	9802	94	na	Bacteria	Pseudomonadati	Myxococcota		Polyangiales	Polyangiaceae	Polyangium		Polyangia													
GCF_009649845.1	PRJNA224116	SAMN13155759	WJIE00000000.1	reference genome	889282	889282	Polyangium spumosum	strain=DSM 14734	na	latest	Scaffold	Major	Full	2019-11-11	ASM964984v1	Shandong University	GCA_009649845.1	identical	https://ftp.ncbi.nlm.nih.gov/genomes/all/GCF/009/649/845/GCF_009649845.1_ASM964984v1	na	assembly from type material	na        	haploid	bacteria	10760459	10760429	69.5	0	61	61	NCBI RefSeq	GCF_009649845.1-RS_2024_03_28	2024-03-28	8656	8541	83	na	Bacteria	Pseudomonadati	Myxococcota		Polyangiales	Polyangiaceae	Polyangium		Polyangia													
GCF_025780055.1	PRJNA224116	SAMN31221233	JAOXHJ000000000.1	reference genome	907723	907723	Ureaplasma zalophigenitalium	strain=CSL7644-GEN	na	latest	Contig	Major	Full	2022-10-20	ASM2578005v1	US FDA	GCA_025780055.1	identical	https://ftp.ncbi.nlm.nih.gov/genomes/all/GCF/025/780/055/GCF_025780055.1_ASM2578005v1	na	assembly from type material	na        	haploid	bacteria	754489	754489	31.0	0	48	48	NCBI RefSeq	NCBI Prokaryotic Genome Annotation Pipeline (PGAP)	2024-02-29	658	603	38	31617839	Bacteria	Bacillati	Mycoplasmatota		Mycoplasmoidales	Mycoplasmoidaceae	Ureaplasma															
GCF_017873955.1	PRJNA224116	SAMN18244839	JAGGKS000000000.1	reference genome	913099	913099	Sedimentibacter acidaminivorans	strain=DSM 24004	na	latest	Contig	Major	Full	2021-04-08	ASM1787395v1	DOE Joint Genome Institute	GCA_017873955.1	identical	https://ftp.ncbi.nlm.nih.gov/genomes/all/GCF/017/873/955/GCF_017873955.1_ASM1787395v1	na	assembly from type material	na        	haploid	bacteria	3509220	3509220	30.5	0	23	23	NCBI RefSeq	GCF_017873955.1-RS_2024_04_29	2024-04-29	3313	3216	53	na	Bacteria	Bacillati	Bacillota	Tissierellia			Sedimentibacter				Tissierellia incertae sedis											
GCF_010994165.1	PRJNA224116	SAMN13268851	WMBX00000000.1	reference genome	915472	915472	Pseudomonas nitritireducens	strain=WZBFD3-5A2	na	latest	Contig	Major	Full	2020-02-24	ASM1099416v1	Chinese Academy of Agricultural Sciences	GCA_010994165.1	identical	https://ftp.ncbi.nlm.nih.gov/genomes/all/GCF/010/994/165/GCF_010994165.1_ASM1099416v1	na	assembly from type material	na        	haploid	bacteria	6397936	6397936	65.0	0	12	12	NCBI RefSeq	GCF_010994165.1-RS_2024_05_05	2024-05-05	5906	5799	71	na																						
GCF_000737325.1	PRJNA224116	SAMN02719577	na	reference genome	927083	927083	Sandaracinus amylolyticus	strain=DSM 53668	na	latest	Complete Genome	Major	Full	2015-05-01	ASM73732v2	Dr. Srikrishna Subramanian, Protein Science and Engineering, Institute of Microbial Technology, Chandigarh, India	GCA_000737325.2	identical	https://ftp.ncbi.nlm.nih.gov/genomes/all/GCF/000/737/325/GCF_000737325.1_ASM73732v2	na	assembly from type material	na        	haploid	bacteria	10327335	10327335	72.0	1	1	1	NCBI RefSeq	GCF_000737325.1-RS_2024_03_28	2024-03-28	8772	8684	72	na	Bacteria	Pseudomonadati	Myxococcota		Polyangiales	Sandaracinaceae	Sandaracinus		Polyangia													
GCF_023347705.1	PRJNA224116	SAMN27783523	na	reference genome	938288	938288	Fenollaria massiliensis	strain=C0061C2	na	latest	Complete Genome	Major	Full	2022-05-12	ASM2334770v1	University of Maryland Baltimore	GCA_023347705.1	identical	https://ftp.ncbi.nlm.nih.gov/genomes/all/GCF/023/347/705/GCF_023347705.1_ASM2334770v1	na	na	na        	haploid	bacteria	1609887	1609887	34.5	1	1	1	NCBI RefSeq	GCF_023347705.1-RS_2024_05_19	2024-05-19	1515	1439	64	na	Bacteria	Bacillati	Bacillota	Clostridia	Eubacteriales		Fenollaria				Eubacteriales incertae sedis											
GCF_000308275.2	PRJNA224116	SAMEA2272361	CAJN000000000.2	reference genome	938289	938289	Levyella massiliensis	strain=9403326	na	latest	Scaffold	Major	Full	2013-10-15	LM2	ebi	GCA_000308275.2	identical	https://ftp.ncbi.nlm.nih.gov/genomes/all/GCF/000/308/275/GCF_000308275.2_LM2	na	assembly from type material	na        	haploid	bacteria	1713902	1710632	49.0	0	4	9	NCBI RefSeq	GCF_000308275.2-RS_2024_03_28	2024-03-28	1539	1459	58	na	Bacteria	Bacillati	Bacillota	Clostridia	Eubacteriales		Levyella				Eubacteriales incertae sedis											
GCF_000186005.1	PRJNA224116	SAMN02604339	na	reference genome	943945	2115	Mycoplasmopsis fermentans M64	strain=M64	na	latest	Complete Genome	Major	Full	2011-01-13	ASM18600v1	Yang-Ming University	GCA_000186005.1	identical	https://ftp.ncbi.nlm.nih.gov/genomes/all/GCF/000/186/005/GCF_000186005.1_ASM18600v1	na	na	na        	haploid	bacteria	1118751	1118751	27.0	1	1	1	NCBI RefSeq	NCBI Prokaryotic Genome Annotation Pipeline (PGAP)	2024-02-28	1034	972	43	21642450	Bacteria	Bacillati	Mycoplasmatota		Mycoplasmoidales	Metamycoplasmataceae	Mycoplasmopsis							Mycoplasmopsis fermentans								
GCF_000767685.1	PRJNA224116	SAMN03099770	na	reference genome	1006579	3026968	Corynebacterium ramonii FRC0011	strain=FRC0011	na	latest	Complete Genome	Major	Full	2014-10-22	ASM76768v1	Federal University of Minas Gerais	GCA_000767685.1	identical	https://ftp.ncbi.nlm.nih.gov/genomes/all/GCF/000/767/685/GCF_000767685.1_ASM76768v1	na	assembly from type material	na        	haploid	bacteria	2442826	2442826	53.5	1	1	1	NCBI RefSeq	GCF_000767685.1-RS_2024_10_11	2024-10-11	2199	2120	65	25767241																						
GCF_000219125.1	PRJNA224116	SAMN02469409	AFGF00000000.1	reference genome	1009370	2374	Acetonema longum DSM 6540	strain=DSM 6540	na	latest	Scaffold	Major	Full	2011-06-22	ASM21912v1	California Institute of Technology	GCA_000219125.2	identical	https://ftp.ncbi.nlm.nih.gov/genomes/all/GCF/000/219/125/GCF_000219125.1_ASM21912v1	na	assembly from type material	na        	haploid	bacteria	4323011	4323001	50.5	0	296	296	NCBI RefSeq	GCF_000219125.1-RS_2024_03_27	2024-03-27	4175	4039	72	21673657	Bacteria	Bacillati	Bacillota	Negativicutes		Acetonemataceae	Acetonema				Negativicutes incertae sedis			Acetonema longum								
GCF_009805595.3	PRJNA224116	SAMN12169093	VMQO00000000.3	reference genome	1010676	1010676	Candidatus Tremblaya phenacola	strain=PSOL	na	latest	Contig	Major	Full	2021-10-13	ASM980559v3	Zhejiang University	GCA_009805595.3	identical	https://ftp.ncbi.nlm.nih.gov/genomes/all/GCF/009/805/595/GCF_009805595.3_ASM980559v3	na	na	na        	haploid	bacteria	221077	221077	35.0	0	7	7	NCBI RefSeq	GCF_009805595.3-RS_2024_03_31	2024-03-31	251	205	43	na	Bacteria	Pseudomonadati	Pseudomonadota	Betaproteobacteria			Candidatus Tremblaya				Betaproteobacteria incertae sedis											
GCF_902143385.2	PRJNA224116	SAMEA5600708	CABFUZ000000000.2	reference genome	1041766	1041766	Methylacidimicrobium cyclopophantes	na	3B	latest	Contig	Major	Full	2019-09-17	3B_2	RADBOUD UNIVERSITY NIJMEGEN	GCA_902143385.2	identical	https://ftp.ncbi.nlm.nih.gov/genomes/all/GCF/902/143/385/GCF_902143385.2_3B_2	na	assembly from type material	na        	haploid	bacteria	2276790	2276790	61.0	0	273	273	NCBI RefSeq	GCF_902143385.2-RS_2024_09_29	2024-09-29	2237	2085	57	na	Bacteria	Pseudomonadati	Verrucomicrobiota				Methylacidimicrobium			PVC group	Verrucomicrobiota incertae sedis											
GCF_902143375.2	PRJNA224116	SAMEA5600707	CABFVA000000000.2	reference genome	1041768	1041768	Methylacidimicrobium tartarophylax	na	4A	latest	Contig	Major	Full	2019-09-17	4A_2	RADBOUD UNIVERSITY NIJMEGEN	GCA_902143375.2	identical	https://ftp.ncbi.nlm.nih.gov/genomes/all/GCF/902/143/375/GCF_902143375.2_4A_2	na	na	na        	haploid	bacteria	2327085	2327085	61.0	0	137	137	NCBI RefSeq	GCF_902143375.2-RS_2024_09_29	2024-09-29	2274	2148	54	na	Bacteria	Pseudomonadati	Verrucomicrobiota				Methylacidimicrobium			PVC group	Verrucomicrobiota incertae sedis											
GCF_025780085.1	PRJNA224116	SAMN31221264	JAOXHL000000000.1	reference genome	1042321	1042321	Ureaplasma miroungigenitalium	strain=ES3182-GEN	na	latest	Contig	Major	Full	2022-10-20	ASM2578008v1	US FDA	GCA_025780085.1	identical	https://ftp.ncbi.nlm.nih.gov/genomes/all/GCF/025/780/085/GCF_025780085.1_ASM2578008v1	na	na	na        	haploid	bacteria	728586	728586	31.5	0	13	13	NCBI RefSeq	NCBI Prokaryotic Genome Annotation Pipeline (PGAP)	2024-02-29	636	584	40	31617839	Bacteria	Bacillati	Mycoplasmatota		Mycoplasmoidales	Mycoplasmoidaceae	Ureaplasma															
GCF_000224455.1	PRJNA224116	SAMN02469822	AFOC00000000.1	reference genome	1048808	54396	endosymbiont of Riftia pachyptila (vent Ph05)	na	na	latest	Contig	Major	Full	2011-08-25	ASM22445v1	Georg-August-University Goettingen	GCA_000224455.2	identical	https://ftp.ncbi.nlm.nih.gov/genomes/all/GCF/000/224/455/GCF_000224455.1_ASM22445v1	na	na	na        	haploid	bacteria	3481040	3481040	59.0	0	197	197	NCBI RefSeq	GCF_000224455.1-RS_2024_03_28	2024-03-28	3389	3156	49	na	Bacteria	Pseudomonadati	Pseudomonadota	Gammaproteobacteria						sulfur-oxidizing symbionts	Gammaproteobacteria incertae sedis			endosymbiont of Riftia pachyptila								
GCF_000224925.1	PRJNA224116	SAMN02469821	AFZB00000000.1	reference genome	1049564	94785	endosymbiont of Tevnia jerichonana (vent Tica)	na	na	latest	Contig	Major	Full	2011-08-31	ASM22492v1	Georg-August-University Goettingen	GCA_000224925.2	identical	https://ftp.ncbi.nlm.nih.gov/genomes/all/GCF/000/224/925/GCF_000224925.1_ASM22492v1	na	na	na        	haploid	bacteria	3637102	3637102	58.0	0	184	184	NCBI RefSeq	GCF_000224925.1-RS_2024_08_15	2024-08-15	3412	3256	52	na	Bacteria	Pseudomonadati	Pseudomonadota	Gammaproteobacteria						sulfur-oxidizing symbionts	Gammaproteobacteria incertae sedis			endosymbiont of Tevnia jerichonana								
GCF_900180345.1	PRJNA224116	SAMEA103984244	FXLV00000000.1	reference genome	1052212	1052212	Bathymodiolus heckerae thiotrophic gill symbiont	na	BHECKSOX2	latest	Scaffold	Major	Full	2019-05-10	SOX_M67-2	MAX PLANCK INSTITUTE FOR MARINE MICROBIOLOGY	GCA_900180345.1	identical	https://ftp.ncbi.nlm.nih.gov/genomes/all/GCF/900/180/345/GCF_900180345.1_SOX_M67-2	na	na	na        	haploid	bacteria	1444397	1444377	39.0	0	119	119	NCBI RefSeq	GCF_900180345.1-RS_2024_04_25	2024-04-25	1622	1543	42	na	Bacteria										unclassified Bacteria											
GCF_003217355.1	PRJNA224116	SAMN08777526	QJTK00000000.1	reference genome	1054202	1054202	Rhodobacter viridis	strain=JA737	na	latest	Scaffold	Major	Full	2018-06-12	ASM321735v1	DOE Joint Genome Institute	GCA_003217355.1	identical	https://ftp.ncbi.nlm.nih.gov/genomes/all/GCF/003/217/355/GCF_003217355.1_ASM321735v1	na	assembly from type material	na        	haploid	bacteria	3868365	3868173	65.5	0	55	55	NCBI RefSeq	GCF_003217355.1-RS_2024_10_23	2024-10-23	3710	3596	52	na	Bacteria	Pseudomonadati	Pseudomonadota	Alphaproteobacteria	Rhodobacterales		Rhodobacter				Rhodobacter group											
GCF_030161555.1	PRJNA224116	SAMD00582109	BSUK00000000.1	reference genome	1054550	1054550	Luteimicrobium album	strain=NBRC 106348	na	latest	Contig	Major	Full	2023-03-24	ASM3016155v1	WFCC-MIRCEN World Data Centre for Microorganisms (WDCM)	GCA_030161555.1	identical	https://ftp.ncbi.nlm.nih.gov/genomes/all/GCF/030/161/555/GCF_030161555.1_ASM3016155v1	na	assembly from type material	na        	haploid	bacteria	4183861	4183861	73.0	0	1	1	NCBI RefSeq	GCF_030161555.1-RS_2024_06_02	2024-06-02	4420	3787	58	30832757	Bacteria	Bacillati	Actinomycetota	Actinomycetes	Micrococcales		Luteimicrobium				Micrococcales incertae sedis											
GCF_900141925.1	PRJNA224116	SAMN05216295	FQYS00000000.1	reference genome	1076620	1076620	Pseudomonas zeshuii	strain=KACC 15471	na	latest	Scaffold	Major	Full	2016-12-03	IMG-taxon 2663762797 annotated assembly	DOE - JOINT GENOME INSTITUTE	GCA_900141925.1	identical	https://ftp.ncbi.nlm.nih.gov/genomes/all/GCF/900/141/925/GCF_900141925.1_IMG-taxon_2663762797_annotated_assembly	na	assembly from type material	na        	haploid	bacteria	5339831	5338936	55.5	0	33	33	NCBI RefSeq	GCF_900141925.1-RS_2024_04_25	2024-04-25	5003	4850	68	na																						
GCF_020541225.1	PRJNA224116	SAMN13148694	na	reference genome	1076626	1076626	Candidatus Steffania adelgidicola	na	Ad18-003	latest	Complete Genome	Major	Full	2021-10-21	ASM2054122v1	University of Georgia	GCA_020541225.1	identical	https://ftp.ncbi.nlm.nih.gov/genomes/all/GCF/020/541/225/GCF_020541225.1_ASM2054122v1	na	na	na        	haploid	bacteria	1369541	1369541	37.0	1	1	1	NCBI RefSeq	GCF_020541225.1-RS_2024_03_31	2024-03-31	780	706	47	34508228	Bacteria	Pseudomonadati	Pseudomonadota	Gammaproteobacteria			Candidatus Steffania				Gammaproteobacteria incertae sedis											
GCF_004340685.1	PRJNA224116	SAMN10363346	SLUN00000000.1	reference genome	1082276	1082276	Hydrogenispora ethanolica	strain=LX-B	na	latest	Scaffold	Major	Full	2019-03-11	ASM434068v1	DOE Joint Genome Institute	GCA_004340685.1	identical	https://ftp.ncbi.nlm.nih.gov/genomes/all/GCF/004/340/685/GCF_004340685.1_ASM434068v1	na	assembly from type material	na        	haploid	bacteria	5983490	5983461	54.0	0	101	101	NCBI RefSeq	GCF_004340685.1-RS_2024_04_17	2024-04-17	5387	5273	66	na	Bacteria	Bacillati	Bacillota				Hydrogenispora				Bacillota sensu stricto incertae sedis											
GCF_000312125.1	PRJNA224116	SAMEA2271956	CAHH00000000.1	reference genome	1095772	1465825	Timonella senegalensis JC301	na	JC301	latest	Scaffold	Major	Full	2012-08-16	ASM31212v1	URMITE CNRS UMR 6236 IRD 198	GCA_000312125.1	identical	https://ftp.ncbi.nlm.nih.gov/genomes/all/GCF/000/312/125/GCF_000312125.1_ASM31212v1	na	assembly from type material	na        	haploid	bacteria	3009940	2986605	61.5	0	6	78	NCBI RefSeq	NCBI Prokaryotic Genome Annotation Pipeline (PGAP)	2024-01-22	2729	2609	73	na	Bacteria	Bacillati	Actinomycetota	Actinomycetes	Micrococcales		Timonella				Micrococcales incertae sedis			Timonella senegalensis								
GCF_001675355.1	PRJNA224116	SAMN05194366	LZDH00000000.1	reference genome	1101373	1101373	Tepidimonas fonticaldi	strain=PL17	na	latest	Contig	Major	Full	2016-06-22	Tepfon1.0	Institute of Microbial Technology	GCA_001675355.1	identical	https://ftp.ncbi.nlm.nih.gov/genomes/all/GCF/001/675/355/GCF_001675355.1_Tepfon1.0	na	na	na        	haploid	bacteria	2741283	2741283	69.5	0	67	67	NCBI RefSeq	NCBI Prokaryotic Genome Annotation Pipeline (PGAP)	2024-02-12	2653	2525	59	na	Bacteria	Pseudomonadati	Pseudomonadota	Betaproteobacteria	Burkholderiales		Tepidimonas				Burkholderiales genera incertae sedis											
GCF_000740785.1	PRJNA224116	SAMN02673274	JFZB00000000.1	reference genome	1105367	1105367	Paenirhodobacter enshiensis	strain=DW2-9	na	latest	Contig	Major	Full	2014-08-16	ASM74078v1	Huazhong Agricultural University	GCA_000740785.1	identical	https://ftp.ncbi.nlm.nih.gov/genomes/all/GCF/000/740/785/GCF_000740785.1_ASM74078v1	na	assembly from type material	na        	haploid	bacteria	3439591	3439591	67.0	0	112	112	NCBI RefSeq	GCF_000740785.1-RS_2024_10_21	2024-10-21	3293	3185	60	26221419	Bacteria	Pseudomonadati	Pseudomonadota	Alphaproteobacteria	Rhodobacterales		Paenirhodobacter				Rhodobacter group											
GCF_001029245.1	PRJNA224116	SAMN03488049	na	reference genome	1114980	1114980	Spiroplasma atrichopogonis	strain=GNAT3597	na	latest	Complete Genome	Major	Full	2015-06-17	ASM102924v1	Academia Sinica	GCA_001029245.1	identical	https://ftp.ncbi.nlm.nih.gov/genomes/all/GCF/001/029/245/GCF_001029245.1_ASM102924v1	na	assembly from type material	na        	haploid	bacteria	1160484	1160484	29.5	1	1	1	NCBI RefSeq	NCBI Prokaryotic Genome Annotation Pipeline (PGAP)	2024-02-26	1379	1323	39	26254485																						
GCF_001553195.1	PRJNA224116	SAMN02471767	na	reference genome	1117644	29555	Mycoplasmopsis canis PG 14	strain=PG 14	na	latest	Complete Genome	Major	Full	2016-02-08	ASM155319v1	University of Florida	GCA_001553195.1	identical	https://ftp.ncbi.nlm.nih.gov/genomes/all/GCF/001/553/195/GCF_001553195.1_ASM155319v1	na	assembly from type material	na        	haploid	bacteria	897443	897443	27.0	1	1	1	NCBI RefSeq	NCBI Prokaryotic Genome Annotation Pipeline (PGAP)	2024-02-26	710	668	42	na	Bacteria	Bacillati	Mycoplasmatota		Mycoplasmoidales	Metamycoplasmataceae	Mycoplasmopsis							Mycoplasmopsis canis								
GCF_000311985.1	PRJNA224116	SAMEA2272041	CAHC00000000.1	reference genome	1118059	1472764	Kallipyga massiliensis ph2	strain=ph2	na	latest	Scaffold	Major	Full	2012-08-16	ASM31198v1	URMITE CNRS UMR 6236 IRD 198	GCA_000311985.1	identical	https://ftp.ncbi.nlm.nih.gov/genomes/all/GCF/000/311/985/GCF_000311985.1_ASM31198v1	na	assembly from type material	na        	haploid	bacteria	1770670	1751953	51.5	0	3	22	NCBI RefSeq	GCF_000311985.1-RS_2024_05_01	2024-05-01	1642	1546	54	na	Bacteria	Bacillati	Bacillota	Tissierellia			Kallipyga				Tissierellia incertae sedis			Kallipyga massiliensis								
GCF_900142005.1	PRJNA224116	SAMN02745751	FQZL00000000.1	reference genome	1121476	332095	Dethiosulfatibacter aminovorans DSM 17477	strain=DSM 17477	na	latest	Scaffold	Major	Full	2016-12-03	IMG-taxon 2585428150 annotated assembly	DOE - JOINT GENOME INSTITUTE	GCA_900142005.1	identical	https://ftp.ncbi.nlm.nih.gov/genomes/all/GCF/900/142/005/GCF_900142005.1_IMG-taxon_2585428150_annotated_assembly	na	assembly from type material	na        	haploid	bacteria	4034121	4031536	40.0	0	81	81	NCBI RefSeq	GCF_900142005.1-RS_2024_05_03	2024-05-03	3667	3590	41	na	Bacteria	Bacillati	Bacillota	Tissierellia			Dethiosulfatibacter				Tissierellia incertae sedis			Dethiosulfatibacter aminovorans								
GCF_000621085.1	PRJNA224116	SAMN02743976	JHZE00000000.1	reference genome	1122248	29557	Mycoplasmopsis gallinarum DSM 19816	strain=DSM 19816	na	latest	Scaffold	Major	Full	2014-04-08	ASM62108v1	DOE Joint Genome Institute	GCA_000621085.1	identical	https://ftp.ncbi.nlm.nih.gov/genomes/all/GCF/000/621/085/GCF_000621085.1_ASM62108v1	na	assembly from type material	na        	haploid	bacteria	834674	833494	26.5	0	13	14	NCBI RefSeq	NCBI Prokaryotic Genome Annotation Pipeline (PGAP)	2024-02-28	699	649	41	na	Bacteria	Bacillati	Mycoplasmatota		Mycoplasmoidales	Metamycoplasmataceae	Mycoplasmopsis							Mycoplasmopsis gallinarum								
GCF_000701485.1	PRJNA224116	SAMN02841182	JNIZ00000000.1	reference genome	1122249	39047	Mycoplasmopsis sturni DSM 22021	strain=DSM 22021	na	latest	Scaffold	Major	Full	2014-06-11	ASM70148v1	DOE Joint Genome Institute	GCA_000701485.1	identical	https://ftp.ncbi.nlm.nih.gov/genomes/all/GCF/000/701/485/GCF_000701485.1_ASM70148v1	na	assembly from type material	na        	haploid	bacteria	813344	813284	29.0	0	4	5	NCBI RefSeq	NCBI Prokaryotic Genome Annotation Pipeline (PGAP)	2024-02-28	661	616	43	na	Bacteria	Bacillati	Mycoplasmatota		Mycoplasmoidales	Metamycoplasmataceae	Mycoplasmopsis							Mycoplasmopsis sturni								
GCF_013403245.1	PRJNA224116	SAMN15455642	JACBNQ000000000.1	reference genome	1123245	29345	Sedimentibacter hydroxybenzoicus DSM 7310	strain=DSM 7310	na	latest	Contig	Major	Full	2020-07-12	ASM1340324v1	Biogas Institute of Ministry of Agriculture, China	GCA_013403245.1	identical	https://ftp.ncbi.nlm.nih.gov/genomes/all/GCF/013/403/245/GCF_013403245.1_ASM1340324v1	na	assembly from type material	na        	haploid	bacteria	3809287	3809287	35.5	0	71	71	NCBI RefSeq	NCBI Prokaryotic Genome Annotation Pipeline (PGAP)	2023-12-24	3785	3689	60	na	Bacteria	Bacillati	Bacillota	Tissierellia			Sedimentibacter				Tissierellia incertae sedis			Sedimentibacter hydroxybenzoicus								
GCF_001281385.1	PRJNA224116	SAMN04054243	na	reference genome	1125411	1427364	Candidatus Pseudothioglobus singularis PS1	strain=PS1	na	latest	Complete Genome	Major	Full	2015-09-14	ASM128138v1	University of Washington	GCA_001281385.1	identical	https://ftp.ncbi.nlm.nih.gov/genomes/all/GCF/001/281/385/GCF_001281385.1_ASM128138v1	na	assembly from type material	na        	haploid	bacteria	1714148	1714148	37.5	1	1	1	NCBI RefSeq	NCBI Prokaryotic Genome Annotation Pipeline (PGAP)	2024-03-03	1763	1713	45	26494659	Bacteria	Pseudomonadati	Pseudomonadota	Gammaproteobacteria		Candidatus Pseudothioglobaceae	Candidatus Pseudothioglobus				Gammaproteobacteria incertae sedis			Candidatus Pseudothioglobus singularis								
GCF_004341245.1	PRJNA224116	SAMN10866403	SLWY00000000.1	reference genome	1133106	1133106	Plasticicumulans lactativorans	strain=DSM 25287	na	latest	Scaffold	Major	Full	2019-03-11	ASM434124v1	DOE Joint Genome Institute	GCA_004341245.1	identical	https://ftp.ncbi.nlm.nih.gov/genomes/all/GCF/004/341/245/GCF_004341245.1_ASM434124v1	na	assembly from type material	na        	haploid	bacteria	4397582	4396909	70.5	0	61	61	NCBI RefSeq	GCF_004341245.1-RS_2024_04_17	2024-04-17	3971	3857	58	na	Bacteria	Pseudomonadati	Pseudomonadota	Gammaproteobacteria		Candidatus Competibacteraceae	Plasticicumulans				Gammaproteobacteria incertae sedis											
GCF_009429125.1	PRJNA224116	SAMN13106273	na	reference genome	1133546	1133546	Luteimicrobium xylanilyticum	strain=HY-24	na	latest	Complete Genome	Major	Full	2019-10-31	ASM942912v1	Korea Research Institute of Bioscience and Biotechnology (KRIBB)	GCA_009429125.1	identical	https://ftp.ncbi.nlm.nih.gov/genomes/all/GCF/009/429/125/GCF_009429125.1_ASM942912v1	na	na	na        	haploid	bacteria	4208275	4208275	73.0	1	1	1	NCBI RefSeq	NCBI Prokaryotic Genome Annotation Pipeline (PGAP)	2023-12-23	3771	3680	58	na	Bacteria	Bacillati	Actinomycetota	Actinomycetes	Micrococcales		Luteimicrobium				Micrococcales incertae sedis											
GCF_003002095.1	PRJNA224116	SAMN07621481	PVZC00000000.1	reference genome	1144618	1144618	Allonocardiopsis opalescens	strain=DSM 45601	na	latest	Scaffold	Major	Full	2018-03-15	ASM300209v1	DOE Joint Genome Institute	GCA_003002095.1	identical	https://ftp.ncbi.nlm.nih.gov/genomes/all/GCF/003/002/095/GCF_003002095.1_ASM300209v1	na	assembly from type material	na        	haploid	bacteria	6972847	6972583	74.0	0	22	22	NCBI RefSeq	NCBI Prokaryotic Genome Annotation Pipeline (PGAP)	2023-05-04	6341	6240	61	na	Bacteria	Bacillati	Actinomycetota	Actinomycetes	Streptosporangiales		Allonocardiopsis				Streptosporangiales incertae sedis											
GCF_024820135.1	PRJNA224116	SAMN26686293	na	reference genome	1160784	1160784	Candidatus Nasuia deltocephalinicola	strain=HICO	na	latest	Chromosome	Major	Full	2022-09-01	ASM2482013v1	University of California Merced	GCA_024820135.1	identical	https://ftp.ncbi.nlm.nih.gov/genomes/all/GCF/024/820/135/GCF_024820135.1_ASM2482013v1	na	na	na        	haploid	bacteria	112590	112299	17.5	1	1	1	NCBI RefSeq	GCF_024820135.1-RS_2024_06_09	2024-06-09	160	133	27	35982793	Bacteria	Pseudomonadati	Pseudomonadota	Betaproteobacteria			Candidatus Nasuia				Betaproteobacteria incertae sedis											
GCF_000601485.1	PRJNA224116	SAMN02952950	ASRX00000000.1	reference genome	1192034	51	Chondromyces apiculatus DSM 436	strain=DSM 436	na	latest	Contig	Major	Full	2014-03-27	Chondromyces apiculatus DSM 436 genome assembly	IMTECH-CSIR	GCA_000601485.1	identical	https://ftp.ncbi.nlm.nih.gov/genomes/all/GCF/000/601/485/GCF_000601485.1_Chondromyces_apiculatus_DSM_436_genome_assembly	na	na	na        	haploid	bacteria	11577721	11577721	70.5	0	182	182	NCBI RefSeq	GCF_000601485.1-RS_2024_08_20	2024-08-20	8785	8550	88	na	Bacteria	Pseudomonadati	Myxococcota		Polyangiales	Polyangiaceae	Chondromyces		Polyangia					Chondromyces apiculatus								
GCF_000340825.1	PRJNA224116	SAMN02641642	na	reference genome	1208918	33056	Candidatus Kinetoplastibacterium crithidii TCC036E	strain=TCC036E	na	latest	Complete Genome	Major	Full	2013-02-19	ASM34082v1	VCU	GCA_000340825.1	identical	https://ftp.ncbi.nlm.nih.gov/genomes/all/GCF/000/340/825/GCF_000340825.1_ASM34082v1	na	na	na        	haploid	bacteria	821930	821930	31.0	1	1	1	NCBI RefSeq	NCBI Prokaryotic Genome Annotation Pipeline (PGAP)	2024-01-24	789	732	56	23345457	Bacteria	Pseudomonadati	Pseudomonadota	Betaproteobacteria			Candidatus Kinetoplastidibacterium				Betaproteobacteria incertae sedis			Candidatus Kinetoplastidibacterium crithidiae								
GCF_000340795.1	PRJNA224116	SAMN02641643	na	reference genome	1208919	994692	Candidatus Kinetoplastibacterium desouzaii TCC079E	strain=TCC079E	na	latest	Complete Genome	Major	Full	2013-02-19	ASM34079v1	VCU	GCA_000340795.1	identical	https://ftp.ncbi.nlm.nih.gov/genomes/all/GCF/000/340/795/GCF_000340795.1_ASM34079v1	na	na	na        	haploid	bacteria	833125	833125	30.0	1	1	1	NCBI RefSeq	NCBI Prokaryotic Genome Annotation Pipeline (PGAP)	2024-01-24	797	741	55	23345457	Bacteria	Pseudomonadati	Pseudomonadota	Betaproteobacteria			Candidatus Kinetoplastidibacterium				Betaproteobacteria incertae sedis			Candidatus Kinetoplastidibacterium desouzai								
GCF_000340865.1	PRJNA224116	SAMN02641644	na	reference genome	1208920	994696	Candidatus Kinetoplastibacterium oncopeltii TCC290E	strain=TCC290E	na	latest	Complete Genome	Major	Full	2013-02-19	ASM34086v1	VCU	GCA_000340865.1	identical	https://ftp.ncbi.nlm.nih.gov/genomes/all/GCF/000/340/865/GCF_000340865.1_ASM34086v1	na	na	na        	haploid	bacteria	810172	810172	31.0	1	1	1	NCBI RefSeq	NCBI Prokaryotic Genome Annotation Pipeline (PGAP)	2024-01-24	759	701	55	23345457	Bacteria	Pseudomonadati	Pseudomonadota	Betaproteobacteria			Candidatus Kinetoplastidibacterium				Betaproteobacteria incertae sedis			Candidatus Kinetoplastidibacterium stringomonadis								
GCF_000340905.1	PRJNA224116	SAMN02641645	na	reference genome	1208921	994695	Candidatus Kinetoplastibacterium galatii TCC219	strain=TCC219	na	latest	Complete Genome	Major	Full	2013-02-19	ASM34090v1	VCU	GCA_000340905.1	identical	https://ftp.ncbi.nlm.nih.gov/genomes/all/GCF/000/340/905/GCF_000340905.1_ASM34090v1	na	na	na        	haploid	bacteria	822140	822140	32.5	1	1	1	NCBI RefSeq	NCBI Prokaryotic Genome Annotation Pipeline (PGAP)	2024-01-24	787	720	55	23345457	Bacteria	Pseudomonadati	Pseudomonadota	Betaproteobacteria			Candidatus Kinetoplastidibacterium				Betaproteobacteria incertae sedis			Candidatus Kinetoplastidibacterium galati								
GCF_000319245.1	PRJNA224116	SAMN02641518	na	reference genome	1208923	233181	Candidatus Kinetoplastibacterium blastocrithidii (ex Strigomonas culicis)	na	RC12	latest	Complete Genome	Major	Full	2012-12-11	ASM31924v1	LNCC	GCA_000319245.1	identical	https://ftp.ncbi.nlm.nih.gov/genomes/all/GCF/000/319/245/GCF_000319245.1_ASM31924v1	na	na	na        	haploid	bacteria	820037	820037	32.5	1	1	1	NCBI RefSeq	GCF_000319245.1-RS_2024_03_28	2024-03-28	792	736	55	23560078	Bacteria	Pseudomonadati	Pseudomonadota	Betaproteobacteria			Candidatus Kinetoplastidibacterium				Betaproteobacteria incertae sedis			Candidatus Kinetoplastidibacterium blastocrithidiae								
GCF_000820765.1	PRJNA224116	SAMEA2821497	CCYH00000000.1	reference genome	1211843	1470354	Candidatus Soleaferrea massiliensis AP7	strain=AP7	na	latest	Contig	Major	Full	2014-10-16	Arquibacterium massiliensis AP7	ebi	GCA_000820765.1	identical	https://ftp.ncbi.nlm.nih.gov/genomes/all/GCF/000/820/765/GCF_000820765.1_Arquibacterium_massiliensis_AP7	na	na	na        	haploid	bacteria	3098593	3098593	53.0	0	51	51	NCBI RefSeq	GCF_000820765.1-RS_2024_03_31	2024-03-31	2501	2433	51	na	Bacteria	Bacillati	Bacillota	Clostridia	Eubacteriales		Candidatus Soleaferrea				Eubacteriales incertae sedis			Candidatus Soleaferrea massiliensis								
GCF_004022265.1	PRJNA224116	SAMN10690863	SAVB00000000.1	reference genome	1215032	1215032	Sinirhodobacter ferrireducens	strain=CCTCC AB 2012026	na	latest	Contig	Major	Full	2019-01-14	ASM402226v1	Research Institute of Forest Ecology Environment and Protection	GCA_004022265.1	identical	https://ftp.ncbi.nlm.nih.gov/genomes/all/GCF/004/022/265/GCF_004022265.1_ASM402226v1	na	assembly from type material	na        	haploid	bacteria	4066781	4066781	68.0	0	61	61	NCBI RefSeq	GCF_004022265.1-RS_2024_10_23	2024-10-23	4010	3879	56	na	Bacteria	Pseudomonadati	Pseudomonadota	Alphaproteobacteria	Rhodobacterales		Paenirhodobacter				Rhodobacter group											
GCF_003999255.1	PRJNA224116	SAMN10622644	na	reference genome	1222016	1222016	Caldicellulosiruptor changbaiensis	strain=CBS-Z	na	latest	Complete Genome	Major	Full	2019-01-08	ASM399925v1	Oakland University	GCA_003999255.1	identical	https://ftp.ncbi.nlm.nih.gov/genomes/all/GCF/003/999/255/GCF_003999255.1_ASM399925v1	na	assembly from type material	na        	haploid	bacteria	2905633	2905633	35.0	1	1	1	NCBI RefSeq	NCBI Prokaryotic Genome Annotation Pipeline (PGAP)	2024-02-25	2854	2736	59	na	Bacteria	Bacillati	Bacillota		Caldicellulosiruptorales	Caldicellulosiruptoraceae	Caldicellulosiruptor				Bacillota incertae sedis											
GCF_000829235.1	PRJNA224116	SAMD00061037	na	reference genome	1228987	718217	cyanobacterium endosymbiont of Epithemia turgida isolate EtSB Lake Yunoko	na	ETSB Lake Yunoko	latest	Complete Genome	Major	Full	2014-07-23	ASM82923v1	Department of Biochemistry & Molecular Biology, Dalhousie University	GCA_000829235.1	identical	https://ftp.ncbi.nlm.nih.gov/genomes/all/GCF/000/829/235/GCF_000829235.1_ASM82923v1	na	na	na        	haploid	bacteria	2794318	2794318	33.5	1	1	1	NCBI RefSeq	NCBI Prokaryotic Genome Annotation Pipeline (PGAP)	2024-02-17	1867	1710	49	25049384	Bacteria	Bacillati	Cyanobacteriota							Cyanobacteriota/Melainabacteria group	unclassified Cyanobacteriota			cyanobacterium endosymbiont of Epithemia turgida								
GCF_016592595.1	PRJNA224116	SAMD00067080	na	reference genome	1235283	596095	Abyssogena phaseoliformis symbiont OG214	na	OG214	latest	Complete Genome	Major	Full	2020-12-09	ASM1659259v1	Japan Agency for Marine-Earth Science and Technology	GCA_016592595.1	identical	https://ftp.ncbi.nlm.nih.gov/genomes/all/GCF/016/592/595/GCF_016592595.1_ASM1659259v1	na	na	na        	haploid	bacteria	1542177	1542177	37.0	1	1	1	NCBI RefSeq	GCF_016592595.1-RS_2024_04_30	2024-04-30	2037	1898	43	na	Bacteria	Pseudomonadati	Pseudomonadota	Gammaproteobacteria							unclassified Gammaproteobacteria			Abyssogena phaseoliformis symbiont								
GCF_016592615.1	PRJNA224116	SAMD00067081	na	reference genome	1235284	883811	Isorropodon fossajaponicum endosymbiont JTNG4	strain=JTNG4	na	latest	Complete Genome	Major	Full	2020-12-09	ASM1659261v1	Japan Agency for Marine-Earth Science and Technology	GCA_016592615.1	identical	https://ftp.ncbi.nlm.nih.gov/genomes/all/GCF/016/592/615/GCF_016592615.1_ASM1659261v1	na	na	na        	haploid	bacteria	1447997	1447997	37.0	1	1	1	NCBI RefSeq	GCF_016592615.1-RS_2024_04_30	2024-04-30	1740	1533	44	na	Bacteria	Pseudomonadati	Pseudomonadota	Gammaproteobacteria							unclassified Gammaproteobacteria			Isorropodon fossajaponicum symbiont								
GCF_002119765.1	PRJNA224116	SAMN06886414	na	reference genome	1235591	1235591	Pseudorhodoplanes sinuspersici	strain=RIPI110	na	latest	Complete Genome	Major	Full	2017-05-09	ASM211976v1	Research institute of petroleum industry	GCA_002119765.1	identical	https://ftp.ncbi.nlm.nih.gov/genomes/all/GCF/002/119/765/GCF_002119765.1_ASM211976v1	na	assembly from type material	na        	haploid	bacteria	5971615	5971615	60.5	1	1	1	NCBI RefSeq	GCF_002119765.1-RS_2024_04_30	2024-04-30	5775	5652	55	na	Bacteria	Pseudomonadati	Pseudomonadota	Alphaproteobacteria	Hyphomicrobiales		Pseudorhodoplanes				Hyphomicrobiales incertae sedis											
GCF_000328725.1	PRJNA224116	SAMEA2272626	na	reference genome	1246955	171284	Mycoplasmopsis cynos C142	strain=C142	na	latest	Complete Genome	Major	Full	2012-12-12	ASM32872v1	RVC	GCA_000328725.1	identical	https://ftp.ncbi.nlm.nih.gov/genomes/all/GCF/000/328/725/GCF_000328725.1_ASM32872v1	na	na	na        	haploid	bacteria	998123	998123	25.5	1	1	1	NCBI RefSeq	NCBI Prokaryotic Genome Annotation Pipeline (PGAP)	2024-02-26	821	776	40	na	Bacteria	Bacillati	Mycoplasmatota		Mycoplasmoidales	Metamycoplasmataceae	Mycoplasmopsis							Mycoplasmopsis cynos								
GCF_000801295.1	PRJNA224116	SAMD00061055	na	reference genome	1248727	1248727	endosymbiont of unidentified scaly snail isolate Monju	na	Monju	latest	Complete Genome	Major	Full	2013-08-14	ASM80129v1	Japan Agency for Marine-Earth Science and Technology	GCA_000801295.1	identical	https://ftp.ncbi.nlm.nih.gov/genomes/all/GCF/000/801/295/GCF_000801295.1_ASM80129v1	na	na	na        	haploid	bacteria	2597759	2597759	65.0	1	1	1	NCBI RefSeq	NCBI Prokaryotic Genome Annotation Pipeline (PGAP)	2024-02-12	2589	2420	50	23924784	Bacteria	Pseudomonadati	Pseudomonadota	Gammaproteobacteria							unclassified Gammaproteobacteria											
GCF_004168625.1	PRJNA224116	SAMN10822479	SDWW00000000.1	reference genome	1259133	1259133	Pengzhenrongella frigida	strain=HLT2-17	na	latest	Contig	Major	Full	2019-02-12	ASM416862v1	Institute of Microbiology, Chinese Academy of Sciences	GCA_004168625.1	identical	https://ftp.ncbi.nlm.nih.gov/genomes/all/GCF/004/168/625/GCF_004168625.1_ASM416862v1	na	assembly from type material	na        	haploid	bacteria	4316912	4316912	71.5	0	126	126	NCBI RefSeq	GCF_004168625.1-RS_2024_06_23	2024-06-23	3974	3866	51	na	Bacteria	Bacillati	Actinomycetota	Actinomycetes	Micrococcales		Pengzhenrongella				Micrococcales incertae sedis											
GCF_000767725.1	PRJNA224116	SAMN03112835	na	reference genome	1267000	2098	Metamycoplasma hominis ATCC 27545	strain=LBD-4	na	latest	Complete Genome	Major	Full	2014-10-22	ASM76772v1	University of Missouri - Columbia	GCA_000767725.1	identical	https://ftp.ncbi.nlm.nih.gov/genomes/all/GCF/000/767/725/GCF_000767725.1_ASM76772v1	na	na	na        	haploid	bacteria	715165	715165	27.0	1	1	1	NCBI RefSeq	GCF_000767725.1-RS_2024_03_28	2024-03-28	622	580	42	na	Bacteria	Bacillati	Mycoplasmatota		Mycoplasmoidales	Metamycoplasmataceae	Metamycoplasma							Metamycoplasma hominis								
GCF_000969765.1	PRJNA224116	SAMN03433916	na	reference genome	1267001	2109	Mycoplasmopsis synoviae ATCC 25204	strain=WVU1853T	na	latest	Complete Genome	Major	Full	2015-04-07	ASM96976v1	University of Florida	GCA_000969765.1	identical	https://ftp.ncbi.nlm.nih.gov/genomes/all/GCF/000/969/765/GCF_000969765.1_ASM96976v1	na	assembly from type material	na        	haploid	bacteria	846495	846495	28.5	1	1	1	NCBI RefSeq	NCBI Prokaryotic Genome Annotation Pipeline (PGAP)	2024-02-26	767	694	44	26021934	Bacteria	Bacillati	Mycoplasmatota		Mycoplasmoidales	Metamycoplasmataceae	Mycoplasmopsis							Mycoplasmopsis synoviae								
GCF_003100395.1	PRJNA224116	SAMN09010100	na	reference genome	1296669	1296669	Aquabacterium olei	strain=NBRC 110486	na	latest	Complete Genome	Major	Full	2018-05-09	ASM310039v1	Zhejiang Academy of Agricultural Sciences	GCA_003100395.1	identical	https://ftp.ncbi.nlm.nih.gov/genomes/all/GCF/003/100/395/GCF_003100395.1_ASM310039v1	na	assembly from type material	na        	haploid	bacteria	4256308	4256308	67.5	2	2	2	NCBI RefSeq	GCF_003100395.1-RS_2024_05_03	2024-05-03	3827	3728	74	na	Bacteria	Pseudomonadati	Pseudomonadota	Betaproteobacteria	Burkholderiales		Aquabacterium				Burkholderiales genera incertae sedis											
GCF_004154955.1	PRJNA224116	SAMN03610663	na	reference genome	1297617	1297617	Intestinimonas butyriciproducens	strain=SRB-521-5-I	na	latest	Complete Genome	Major	Full	2019-02-11	ASM415495v1	Wageningen University	GCA_004154955.1	identical	https://ftp.ncbi.nlm.nih.gov/genomes/all/GCF/004/154/955/GCF_004154955.1_ASM415495v1	na	assembly from type material	na        	haploid	bacteria	3224506	3224506	59.5	1	1	1	NCBI RefSeq	GCF_004154955.1-RS_2024_03_28	2024-03-28	3252	3155	64	na	Bacteria	Bacillati	Bacillota	Clostridia	Eubacteriales		Intestinimonas				Eubacteriales incertae sedis											
GCF_001547755.1	PRJNA224116	SAMD00024725	na	reference genome	1303921	113267	endosymbiont of Bathymodiolus septemdierum str. Myojin knoll	strain=Myojin knoll	A1	latest	Complete Genome	Major	Full	2015-10-06	ASM154775v1	Japan Agency for Marine-Earth Science and Technology	GCA_001547755.1	identical	https://ftp.ncbi.nlm.nih.gov/genomes/all/GCF/001/547/755/GCF_001547755.1_ASM154775v1	na	na	na        	haploid	bacteria	1469434	1469434	38.5	1	1	1	NCBI RefSeq	NCBI Prokaryotic Genome Annotation Pipeline (PGAP)	2024-02-12	1587	1528	42	26418631	Bacteria	Pseudomonadati	Pseudomonadota	Gammaproteobacteria						sulfur-oxidizing symbionts	Gammaproteobacteria incertae sedis			Bathymodiolus septemdierum thioautotrophic gill symbiont								
GCF_003991135.1	PRJNA224116	SAMN05285382	na	reference genome	1323375	1323375	Anoxybacter fermentans	strain=DY22613	na	latest	Complete Genome	Major	Full	2019-01-03	ASM399113v1	the third institute of oceanography	GCA_003991135.1	identical	https://ftp.ncbi.nlm.nih.gov/genomes/all/GCF/003/991/135/GCF_003991135.1_ASM399113v1	na	assembly from type material	na        	haploid	bacteria	3557532	3557532	36.0	1	1	1	NCBI RefSeq	NCBI Prokaryotic Genome Annotation Pipeline (PGAP)	2024-03-06	3271	3103	113	na	Bacteria	Bacillati	Bacillota	Clostridia	Halanaerobiales		Anoxybacter				Halanaerobiales incertae sedis											
GCF_034471385.1	PRJNA224116	SAMN27755638	JARGYU000000000.1	reference genome	1332059	1332059	Lyticum sinuosum	strain=USBL-36I1	na	latest	Contig	Major	Full	2023-12-18	ASM3447138v1	University of Pavia	GCA_034471385.1	identical	https://ftp.ncbi.nlm.nih.gov/genomes/all/GCF/034/471/385/GCF_034471385.1_ASM3447138v1	na	na	na        	haploid	bacteria	1018517	1018517	23.5	0	6	6	NCBI RefSeq	NCBI Prokaryotic Genome Annotation Pipeline (PGAP)	2023-12-22	828	776	41	na	Bacteria	Pseudomonadati	Pseudomonadota	Alphaproteobacteria	Rickettsiales		Lyticum				Rickettsiales genera incertae sedis											
GCF_000416965.1	PRJNA224116	SAMN02471612	ATCL00000000.1	reference genome	1345023	1385984	Exiguobacterium chiriqhucha RW-2	strain=RW-2	na	latest	Contig	Major	Full	2013-07-01	23.K55	University of British Columbia	GCA_000416965.1	identical	https://ftp.ncbi.nlm.nih.gov/genomes/all/GCF/000/416/965/GCF_000416965.1_23.K55	na	assembly from type material	na        	haploid	bacteria	3019504	3019504	52.0	0	23	23	NCBI RefSeq	GCF_000416965.1-RS_2024_03_28	2024-03-28	3115	3040	61	23929485	Bacteria	Bacillati	Bacillota	Bacilli	Bacillales		Exiguobacterium				Bacillales Family XII. Incertae Sedis			Exiguobacterium chiriqhucha								
GCF_016908595.1	PRJNA224116	SAMN17619952	JAFBEC000000000.1	reference genome	1347788	1347788	Geomicrobium sediminis	strain=DSM 25540	na	latest	Contig	Major	Full	2021-02-19	ASM1690859v1	DOE Joint Genome Institute	GCA_016908595.1	identical	https://ftp.ncbi.nlm.nih.gov/genomes/all/GCF/016/908/595/GCF_016908595.1_ASM1690859v1	na	assembly from type material	na        	haploid	bacteria	4023443	4023443	41.5	0	35	35	NCBI RefSeq	GCF_016908595.1-RS_2024_03_28	2024-03-28	4266	4158	62	na	Bacteria	Bacillati	Bacillota	Bacilli	Bacillales		Geomicrobium				Bacillales incertae sedis											
GCF_001939065.1	PRJNA224116	SAMN03159272	MPSZ00000000.1	reference genome	1358421	296995	Exiguobacterium indicum HHS 31	strain=HHS 31	na	latest	Contig	Major	Full	2017-01-06	ASM193906v1	Centre for Cellular and Molecular Biology	GCA_001939065.1	identical	https://ftp.ncbi.nlm.nih.gov/genomes/all/GCF/001/939/065/GCF_001939065.1_ASM193906v1	na	assembly from type material	na        	haploid	bacteria	3244965	3244965	46.5	0	23	23	NCBI RefSeq	GCF_001939065.1-RS_2024_03_29	2024-03-29	3356	3270	68	na	Bacteria	Bacillati	Bacillota	Bacilli	Bacillales		Exiguobacterium				Bacillales Family XII. Incertae Sedis			Exiguobacterium indicum								
GCF_000744775.1	PRJNA224116	SAMN02744724	JQMP00000000.1	reference genome	1382356	1382356	Thermorudis peleae	strain=KI4	na	latest	Contig	Major	Full	2014-08-28	ASM74477v1	DOE Joint Genome Institute	GCA_000744775.1	identical	https://ftp.ncbi.nlm.nih.gov/genomes/all/GCF/000/744/775/GCF_000744775.1_ASM74477v1	na	assembly from type material	na        	haploid	bacteria	2934621	2934621	60.0	0	4	4	NCBI RefSeq	GCF_000744775.1-RS_2024_04_05	2024-04-05	2678	2602	57	na	Bacteria	Pseudomonadati	Thermomicrobiota	Thermomicrobia			Thermorudis				Thermomicrobia incertae sedis											
GCF_026810225.1	PRJNA224116	SAMN31840452	na	reference genome	1387555	1387555	Caldicellulosiruptor morganii	strain=DSM 8990	na	latest	Complete Genome	Major	Full	2022-12-12	ASM2681022v1	North Carolina State University	GCA_026810225.1	identical	https://ftp.ncbi.nlm.nih.gov/genomes/all/GCF/026/810/225/GCF_026810225.1_ASM2681022v1	na	assembly from type material	na        	haploid	bacteria	2475467	2475467	36.5	1	1	1	NCBI RefSeq	NCBI Prokaryotic Genome Annotation Pipeline (PGAP)	2024-02-25	2415	2280	59	na	Bacteria	Bacillati	Bacillota		Caldicellulosiruptorales	Caldicellulosiruptoraceae	Caldicellulosiruptor				Bacillota incertae sedis											
GCF_000955725.1	PRJNA224116	SAMN02745017	LACM00000000.1	reference genome	1387557	1387557	Caldicellulosiruptor danielii	strain=Wai35.B1	na	latest	Contig	Major	Full	2015-03-17	ASM95572v1	DOE Joint Genome Institute	GCA_000955725.1	identical	https://ftp.ncbi.nlm.nih.gov/genomes/all/GCF/000/955/725/GCF_000955725.1_ASM95572v1	na	assembly from type material	na        	haploid	bacteria	2834482	2834482	36.0	0	1	1	NCBI RefSeq	NCBI Prokaryotic Genome Annotation Pipeline (PGAP)	2024-02-25	2727	2613	62	25977428	Bacteria	Bacillati	Bacillota		Caldicellulosiruptorales	Caldicellulosiruptoraceae	Anaerocellum				Bacillota incertae sedis											
GCF_016599145.1	PRJNA224116	SAMN17109521	JAENKO000000000.1	reference genome	1387982	1387982	Tomitella cavernea	strain=JCM 18542	na	latest	Contig	Major	Full	2021-01-10	ASM1659914v1	Chinese Center for Disease Control and Prevention	GCA_016599145.1	identical	https://ftp.ncbi.nlm.nih.gov/genomes/all/GCF/016/599/145/GCF_016599145.1_ASM1659914v1	na	assembly from type material	na        	haploid	bacteria	4021385	4021385	70.5	0	115	115	NCBI RefSeq	GCF_016599145.1-RS_2024_08_29	2024-08-29	3771	3606	56	24737794	Bacteria	Bacillati	Actinomycetota	Actinomycetes	Mycobacteriales		Tomitella				Corynebacteriales incertae sedis											
GCF_001263205.1	PRJNA224116	SAMN03951129	na	reference genome	1391654	1391654	Labilithrix luteola	strain=DSM 27648	na	latest	Complete Genome	Major	Full	2015-08-07	ASM126320v1	IMTECH-CSIR	GCA_001263205.1	identical	https://ftp.ncbi.nlm.nih.gov/genomes/all/GCF/001/263/205/GCF_001263205.1_ASM126320v1	na	assembly from type material	na        	haploid	bacteria	12191466	12191466	66.0	1	1	1	NCBI RefSeq	GCF_001263205.1-RS_2024_03_28	2024-03-28	10616	10511	74	na	Bacteria	Pseudomonadati	Myxococcota		Polyangiales	Labilitrichaceae	Labilithrix		Polyangia													
GCF_000469155.1	PRJNA224116	SAMN02470126	AWXE00000000.1	reference genome	1397666	1397666	Candidatus Micropelagos thuwalensis	strain=RS24	na	latest	Contig	Major	Full	2013-09-20	RS24	KAUST	GCA_000469155.1	identical	https://ftp.ncbi.nlm.nih.gov/genomes/all/GCF/000/469/155/GCF_000469155.1_RS24	na	na	na        	haploid	bacteria	1957724	1957724	45.0	0	5	5	NCBI RefSeq	GCF_000469155.1-RS_2024_03_31	2024-03-31	1929	1874	43	24785133	Bacteria	Pseudomonadati	Pseudomonadota	Alphaproteobacteria			Candidatus Micropelagos			PS1 clade	Alphaproteobacteria incertae sedis											
GCF_000620805.1	PRJNA224116	SAMN02743962	JHZV00000000.1	reference genome	1397693	169177	Exiguobacterium undae DSM 14481	strain=DSM 14481	na	latest	Scaffold	Major	Full	2014-04-08	ASM62080v1	DOE Joint Genome Institute	GCA_000620805.1	identical	https://ftp.ncbi.nlm.nih.gov/genomes/all/GCF/000/620/805/GCF_000620805.1_ASM62080v1	na	assembly from type material	na        	haploid	bacteria	3246106	3221968	48.0	0	4	10	NCBI RefSeq	NCBI Prokaryotic Genome Annotation Pipeline (PGAP)	2024-01-25	3320	3235	71	25323723	Bacteria	Bacillati	Bacillota	Bacilli	Bacillales		Exiguobacterium				Bacillales Family XII. Incertae Sedis			Exiguobacterium undae								
GCF_000702585.1	PRJNA224116	SAMN02841171	JNIQ00000000.1	reference genome	1397694	33987	Exiguobacterium aurantiacum DSM 6208	strain=DSM 6208	na	latest	Contig	Major	Full	2014-06-11	ASM70258v1	DOE Joint Genome Institute	GCA_000702585.1	identical	https://ftp.ncbi.nlm.nih.gov/genomes/all/GCF/000/702/585/GCF_000702585.1_ASM70258v1	na	assembly from type material	na        	haploid	bacteria	3037601	3037601	53.0	0	2	2	NCBI RefSeq	NCBI Prokaryotic Genome Annotation Pipeline (PGAP)	2024-01-25	3144	3001	99	25323723	Bacteria	Bacillati	Bacillota	Bacilli	Bacillales		Exiguobacterium				Bacillales Family XII. Incertae Sedis			Exiguobacterium aurantiacum								
GCF_000620845.1	PRJNA224116	SAMN02743964	JHZT00000000.1	reference genome	1397696	273528	Exiguobacterium marinum DSM 16307	strain=DSM 16307	na	latest	Scaffold	Major	Full	2014-04-08	ASM62084v1	DOE Joint Genome Institute	GCA_000620845.1	identical	https://ftp.ncbi.nlm.nih.gov/genomes/all/GCF/000/620/845/GCF_000620845.1_ASM62084v1	na	assembly from type material	na        	haploid	bacteria	2814016	2805051	47.5	0	2	4	NCBI RefSeq	NCBI Prokaryotic Genome Annotation Pipeline (PGAP)	2024-01-25	2882	2785	82	25323723	Bacteria	Bacillati	Bacillota	Bacilli	Bacillales		Exiguobacterium				Bacillales Family XII. Incertae Sedis			Exiguobacterium marinum								
GCF_000702625.1	PRJNA224116	SAMN02841151	JNIS00000000.1	reference genome	1397699	223958	Exiguobacterium oxidotolerans JCM 12280	strain=JCM 12280	na	latest	Contig	Major	Full	2014-06-11	ASM70262v1	DOE Joint Genome Institute	GCA_000702625.1	identical	https://ftp.ncbi.nlm.nih.gov/genomes/all/GCF/000/702/625/GCF_000702625.1_ASM70262v1	na	assembly from type material	na        	haploid	bacteria	3089404	3089404	47.0	0	3	3	NCBI RefSeq	GCF_000702625.1-RS_2024_03_28	2024-03-28	3140	3010	100	25323723	Bacteria	Bacillati	Bacillota	Bacilli	Bacillales		Exiguobacterium				Bacillales Family XII. Incertae Sedis			Exiguobacterium oxidotolerans								
GCF_000685865.1	PRJNA224116	SAMN02743349	JMKS00000000.1	reference genome	1397700	132920	Exiguobacterium antarcticum DSM 14480	strain=DSM 14480	na	latest	Contig	Major	Full	2014-05-08	ASM68586v1	DOE Joint Genome Institute	GCA_000685865.1	identical	https://ftp.ncbi.nlm.nih.gov/genomes/all/GCF/000/685/865/GCF_000685865.1_ASM68586v1	na	assembly from type material	na        	haploid	bacteria	3219480	3219480	47.0	0	7	7	NCBI RefSeq	GCF_000685865.1-RS_2024_03_29	2024-03-29	3357	3219	102	25323723	Bacteria	Bacillati	Bacillota	Bacilli	Bacillales		Exiguobacterium				Bacillales Family XII. Incertae Sedis			Exiguobacterium antarcticum								
GCF_000518305.1	PRJNA224116	SAMN02584995	JADI00000000.1	reference genome	1399794	29560	Mycoplasma imitans ATCC 51306	strain=ATCC 51306	na	latest	Scaffold	Major	Full	2014-01-13	ASM51830v1	DOE Joint Genome Institute	GCA_000518305.1	identical	https://ftp.ncbi.nlm.nih.gov/genomes/all/GCF/000/518/305/GCF_000518305.1_ASM51830v1	na	assembly from type material	na        	haploid	bacteria	922439	919667	30.5	0	24	29	NCBI RefSeq	GCF_000518305.1-RS_2024_10_21	2024-10-21	772	698	42	na	Bacteria	Bacillati	Mycoplasmatota		Mycoplasmoidales	Mycoplasmoidaceae	Mycoplasmoides							[Mycoplasma] imitans								
GCF_000518285.1	PRJNA224116	SAMN02584998	JADH00000000.1	reference genome	1399797	209274	Williamsoniiplasma lucivorax ATCC 49196	strain=ATCC 49196	na	latest	Scaffold	Major	Full	2014-01-13	ASM51828v1	DOE Joint Genome Institute	GCA_000518285.1	identical	https://ftp.ncbi.nlm.nih.gov/genomes/all/GCF/000/518/285/GCF_000518285.1_ASM51828v1	na	assembly from type material	na        	haploid	bacteria	1103092	1102752	30.0	0	31	32	NCBI RefSeq	GCF_000518285.1-RS_2024_04_26	2024-04-26	997	956	37	na	Bacteria	Bacillati	Mycoplasmatota	Mollicutes	Entomoplasmatales		Williamsoniiplasma							Williamsoniiplasma lucivorax								
GCF_000531125.1	PRJNA224116	SAMEA3138900	CBTK000000000.1	reference genome	1400861	1400860	Candidatus Contendobacter odensis Run_B_J11	strain=Run_B_J11	na	latest	Contig	Major	Full	2014-01-30	COMPJ11_2695_PRJEB4343	Department of Biotechnology, Chemistry and Environmental Engineering, Aalborg University	GCA_000531125.1	identical	https://ftp.ncbi.nlm.nih.gov/genomes/all/GCF/000/531/125/GCF_000531125.1_COMPJ11_2695_PRJEB4343	na	na	na        	haploid	bacteria	4611646	4611646	57.5	0	319	319	NCBI RefSeq	GCF_000531125.1-RS_2024_03_31	2024-03-31	4556	4300	53	24173461	Bacteria	Pseudomonadati	Pseudomonadota	Gammaproteobacteria		Candidatus Competibacteraceae	Candidatus Contendobacter				Gammaproteobacteria incertae sedis			Candidatus Contendobacter odensis								
GCF_001051235.1	PRJNA224116	SAMEA3146267	CBTJ000000000.2	reference genome	1400863	1400862	Candidatus Competibacter denitrificans Run_A_D11	strain=Run_A_D11	na	latest	Scaffold	Major	Full	2014-03-05	ASM105123v2	Department of Biotechnology, Chemistry and Environmental Engineering, Aalborg University	GCA_001051235.2	identical	https://ftp.ncbi.nlm.nih.gov/genomes/all/GCF/001/051/235/GCF_001051235.1_ASM105123v2	na	na	na        	haploid	bacteria	4084870	4084870	57.0	1	120	120	NCBI RefSeq	GCF_001051235.1-RS_2024_09_15	2024-09-15	3862	3718	58	na	Bacteria	Pseudomonadati	Pseudomonadota	Gammaproteobacteria		Candidatus Competibacteraceae	Candidatus Competibacter				Gammaproteobacteria incertae sedis			Candidatus Competibacter denitrificans								
GCF_000701785.1	PRJNA224116	SAMN02841214	JNJU00000000.1	reference genome	1408453	78580	Mycoplasmoides alvi ATCC 29626	strain=ATCC 29626	na	latest	Scaffold	Major	Full	2014-06-11	ASM70178v1	DOE Joint Genome Institute	GCA_000701785.1	identical	https://ftp.ncbi.nlm.nih.gov/genomes/all/GCF/000/701/785/GCF_000701785.1_ASM70178v1	na	assembly from type material	na        	haploid	bacteria	840640	840455	25.0	0	7	9	NCBI RefSeq	NCBI Prokaryotic Genome Annotation Pipeline (PGAP)	2024-02-28	725	683	40	na	Bacteria	Bacillati	Mycoplasmatota		Mycoplasmoidales	Mycoplasmoidaceae	Mycoplasmoides							Mycoplasmoides alvi								
GCF_000701825.1	PRJNA224116	SAMN02841177	JNJY00000000.1	reference genome	1408456	2127	Mycoplasma collis ATCC 35278	strain=ATCC 35278	na	latest	Scaffold	Major	Full	2014-06-11	ASM70182v1	DOE Joint Genome Institute	GCA_000701825.1	identical	https://ftp.ncbi.nlm.nih.gov/genomes/all/GCF/000/701/825/GCF_000701825.1_ASM70182v1	na	assembly from type material	na        	haploid	bacteria	902877	901892	22.5	0	43	44	NCBI RefSeq	NCBI Prokaryotic Genome Annotation Pipeline (PGAP)	2024-02-28	824	779	36	na	Bacteria	Bacillati	Mycoplasmatota		Mycoplasmoidales	Metamycoplasmataceae	Mesomycoplasma							[Mycoplasma] collis								
GCF_000687775.1	PRJNA224116	SAMN02743891	JHXS00000000.1	reference genome	1408461	35768	Mycoplasmopsis felifaucium ATCC 43428	strain=ATCC 43428	na	latest	Contig	Major	Full	2014-04-08	ASM68777v1	DOE Joint Genome Institute	GCA_000687775.1	identical	https://ftp.ncbi.nlm.nih.gov/genomes/all/GCF/000/687/775/GCF_000687775.1_ASM68777v1	na	assembly from type material	na        	haploid	bacteria	764934	764934	28.0	0	37	37	NCBI RefSeq	NCBI Prokaryotic Genome Annotation Pipeline (PGAP)	2024-02-28	706	648	45	na	Bacteria	Bacillati	Mycoplasmatota		Mycoplasmoidales	Metamycoplasmataceae	Mycoplasmopsis							Mycoplasmopsis felifaucium								
GCF_000701805.1	PRJNA224116	SAMN02841176	JNJW00000000.1	reference genome	1408464	76630	Mycoplasmopsis iners ATCC 19705	strain=ATCC 19705	na	latest	Scaffold	Major	Full	2014-06-11	ASM70180v1	DOE Joint Genome Institute	GCA_000701805.1	identical	https://ftp.ncbi.nlm.nih.gov/genomes/all/GCF/000/701/805/GCF_000701805.1_ASM70180v1	na	assembly from type material	na        	haploid	bacteria	767866	766027	28.5	0	28	29	NCBI RefSeq	NCBI Prokaryotic Genome Annotation Pipeline (PGAP)	2024-02-28	652	595	43	na	Bacteria	Bacillati	Mycoplasmatota		Mycoplasmoidales	Metamycoplasmataceae	Mycoplasmopsis							Mycoplasmopsis iners								
GCF_000686585.1	PRJNA224116	SAMN02743372	JMKY00000000.1	reference genome	1408465	114884	Mycoplasmopsis lipofaciens ATCC 35015	strain=ATCC 35015	na	latest	Scaffold	Major	Full	2014-05-08	ASM68658v1	DOE Joint Genome Institute	GCA_000686585.1	identical	https://ftp.ncbi.nlm.nih.gov/genomes/all/GCF/000/686/585/GCF_000686585.1_ASM68658v1	na	assembly from type material	na        	haploid	bacteria	778716	775211	25.5	0	6	7	NCBI RefSeq	NCBI Prokaryotic Genome Annotation Pipeline (PGAP)	2024-02-28	698	650	47	na	Bacteria	Bacillati	Mycoplasmatota		Mycoplasmoidales	Metamycoplasmataceae	Mycoplasmopsis							Mycoplasmopsis lipofaciens								
GCF_000712185.1	PRJNA224116	SAMN02744820	JOOB00000000.1	reference genome	1408466	114886	Mycoplasmopsis opalescens ATCC 27921	strain=ATCC 27921	na	latest	Scaffold	Major	Full	2014-06-25	ASM71218v1	DOE Joint Genome Institute	GCA_000712185.1	identical	https://ftp.ncbi.nlm.nih.gov/genomes/all/GCF/000/712/185/GCF_000712185.1_ASM71218v1	na	assembly from type material	na        	haploid	bacteria	779012	776762	29.0	0	14	16	NCBI RefSeq	NCBI Prokaryotic Genome Annotation Pipeline (PGAP)	2024-02-28	676	629	42	na	Bacteria	Bacillati	Mycoplasmatota		Mycoplasmoidales	Metamycoplasmataceae	Mycoplasmopsis							Mycoplasmopsis opalescens								
GCF_000685905.1	PRJNA224116	SAMN02743357	JMKZ00000000.1	reference genome	1408467	2122	Mycoplasmoides pirum ATCC 25960	strain=ATCC 25960	na	latest	Contig	Major	Full	2014-05-08	ASM68590v1	DOE Joint Genome Institute	GCA_000685905.1	identical	https://ftp.ncbi.nlm.nih.gov/genomes/all/GCF/000/685/905/GCF_000685905.1_ASM68590v1	na	assembly from type material	na        	haploid	bacteria	839829	839829	24.0	0	6	6	NCBI RefSeq	NCBI Prokaryotic Genome Annotation Pipeline (PGAP)	2024-02-28	718	676	38	na	Bacteria	Bacillati	Mycoplasmatota		Mycoplasmoidales	Mycoplasmoidaceae	Mycoplasmoides							Mycoplasmoides pirum								
GCF_000702785.1	PRJNA224116	SAMN02841175	JNJV00000000.1	reference genome	1408468	55604	Mycoplasmopsis primatum ATCC 25948	strain=ATCC 25948	na	latest	Contig	Major	Full	2014-06-11	ASM70278v1	DOE Joint Genome Institute	GCA_000702785.1	identical	https://ftp.ncbi.nlm.nih.gov/genomes/all/GCF/000/702/785/GCF_000702785.1_ASM70278v1	na	assembly from type material	na        	haploid	bacteria	902769	902769	27.5	0	63	63	NCBI RefSeq	NCBI Prokaryotic Genome Annotation Pipeline (PGAP)	2024-02-28	815	757	40	na	Bacteria	Bacillati	Mycoplasmatota		Mycoplasmoidales	Metamycoplasmataceae	Mycoplasmopsis							Mycoplasmopsis primatum								
GCF_000687795.1	PRJNA224116	SAMN02743887	JHXT00000000.1	reference genome	1408471	33924	Mycoplasma testudinis ATCC 43263	strain=ATCC 43263	na	latest	Contig	Major	Full	2014-04-08	ASM68779v1	DOE Joint Genome Institute	GCA_000687795.1	identical	https://ftp.ncbi.nlm.nih.gov/genomes/all/GCF/000/687/795/GCF_000687795.1_ASM68779v1	na	assembly from type material	na        	haploid	bacteria	1325910	1325910	31.5	0	38	38	NCBI RefSeq	NCBI Prokaryotic Genome Annotation Pipeline (PGAP)	2024-02-28	1124	1074	43	na	Bacteria	Bacillati	Mycoplasmatota		Mycoplasmoidales	Mycoplasmoidaceae	Mycoplasmoides							[Mycoplasma] testudinis								
GCF_000712165.1	PRJNA224116	SAMN02744822	JONZ00000000.1	reference genome	1408476	42092	Ureaplasma canigenitalium ATCC 51252	strain=ATCC 51252	na	latest	Scaffold	Major	Full	2014-06-25	ASM71216v1	DOE Joint Genome Institute	GCA_000712165.1	identical	https://ftp.ncbi.nlm.nih.gov/genomes/all/GCF/000/712/165/GCF_000712165.1_ASM71216v1	na	assembly from type material	na        	haploid	bacteria	835388	835308	32.0	0	9	11	NCBI RefSeq	NCBI Prokaryotic Genome Annotation Pipeline (PGAP)	2024-02-28	684	637	39	na	Bacteria	Bacillati	Mycoplasmatota		Mycoplasmoidales	Mycoplasmoidaceae	Ureaplasma							Ureaplasma canigenitalium								
GCF_000709555.1	PRJNA224116	SAMN03081499	na	reference genome	1415657	1415657	Candidatus Walczuchella monophlebidarum	na	FNIIJ	latest	Complete Genome	Major	Full	2014-06-17	ASM70955v1	Centro de Ciencias Genomicas, UNAM	GCA_000709555.1	identical	https://ftp.ncbi.nlm.nih.gov/genomes/all/GCF/000/709/555/GCF_000709555.1_ASM70955v1	na	na	na        	haploid	bacteria	309299	309299	32.5	1	1	1	NCBI RefSeq	GCF_000709555.1-RS_2024_10_22	2024-10-22	328	274	39	24610838	Bacteria	Pseudomonadati	Bacteroidota	Flavobacteriia	Flavobacteriales		Candidatus Walczuchella			Bacteroidota/Chlorobiota group	Flavobacteriales incertae sedis											
GCF_000526955.1	PRJNA224116	SAMN02585027	JAHB00000000.1	reference genome	1415781	171283	Mycoplasmopsis cricetuli ATCC 35279	strain=ATCC 35279	na	latest	Contig	Major	Full	2014-01-14	ASM52695v1	DOE Joint Genome Institute	GCA_000526955.1	identical	https://ftp.ncbi.nlm.nih.gov/genomes/all/GCF/000/526/955/GCF_000526955.1_ASM52695v1	na	assembly from type material	na        	haploid	bacteria	847750	847750	24.0	0	45	45	NCBI RefSeq	NCBI Prokaryotic Genome Annotation Pipeline (PGAP)	2024-02-28	753	705	39	na	Bacteria	Bacillati	Mycoplasmatota		Mycoplasmoidales	Metamycoplasmataceae	Mycoplasmopsis							Mycoplasmopsis cricetuli								
GCF_018138125.1	PRJNA224116	SAMN18740301	na	reference genome	1428684	1428684	Exiguobacterium alkaliphilum	strain=B-3531D	na	latest	Complete Genome	Major	Full	2021-04-24	ASM1813812v1	IBPM RAS	GCA_018138125.1	identical	https://ftp.ncbi.nlm.nih.gov/genomes/all/GCF/018/138/125/GCF_018138125.1_ASM1813812v1	na	na	na        	haploid	bacteria	3029824	3029824	52.5	3	3	3	NCBI RefSeq	GCF_018138125.1-RS_2024_03_28	2024-03-28	3123	2995	98	na	Bacteria	Bacillati	Bacillota	Bacilli	Bacillales		Exiguobacterium				Bacillales Family XII. Incertae Sedis											
GCF_003112735.1	PRJNA224116	SAMD00113014	BFBR00000000.1	reference genome	1445552	1445552	Candidatus Phycosocius bacilliformis	strain=BOTRYCO-2	na	latest	Scaffold	Major	Full	2018-03-26	ASM311273v1	University of Tsukuba	GCA_003112735.1	identical	https://ftp.ncbi.nlm.nih.gov/genomes/all/GCF/003/112/735/GCF_003112735.1_ASM311273v1	na	na	na        	haploid	bacteria	3332539	3332144	57.0	0	21	21	NCBI RefSeq	GCF_003112735.1-RS_2024_03_31	2024-03-31	3131	3063	48	29748407	Bacteria	Pseudomonadati	Pseudomonadota	Alphaproteobacteria	Caulobacterales		Candidatus Phycosocius				Caulobacterales incertae sedis											
GCF_000622165.1	PRJNA224116	SAMN02744029	JHWG00000000.1	reference genome	1448132	171288	Mesomycoplasma molare ATCC 27746	strain=ATCC 27746	na	latest	Scaffold	Major	Full	2014-04-08	ASM62216v1	DOE Joint Genome Institute	GCA_000622165.1	identical	https://ftp.ncbi.nlm.nih.gov/genomes/all/GCF/000/622/165/GCF_000622165.1_ASM62216v1	na	assembly from type material	na        	haploid	bacteria	842941	840863	25.0	0	24	26	NCBI RefSeq	NCBI Prokaryotic Genome Annotation Pipeline (PGAP)	2024-02-28	750	708	42	na	Bacteria	Bacillati	Mycoplasmatota		Mycoplasmoidales	Metamycoplasmataceae	Mesomycoplasma							Mesomycoplasma molare								
GCF_000524475.1	PRJNA224116	SAMD00036785	BAVQ00000000.1	reference genome	1448389	630403	Tomitella biformata AHU 1821	strain=AHU 1821	na	latest	Contig	Major	Full	2014-01-21	ASM52447v1	National Institute of Advanced Industrial Science and Technology	GCA_000524475.1	identical	https://ftp.ncbi.nlm.nih.gov/genomes/all/GCF/000/524/475/GCF_000524475.1_ASM52447v1	na	assembly from type material	na        	haploid	bacteria	4709534	4709534	68.0	0	113	113	NCBI RefSeq	GCF_000524475.1-RS_2024_08_08	2024-08-08	4474	4333	60	24526642	Bacteria	Bacillati	Actinomycetota	Actinomycetes	Mycobacteriales		Tomitella				Corynebacteriales incertae sedis			Tomitella biformata								
GCF_030520105.1	PRJNA224116	SAMN36439001	na	reference genome	1448929	1448929	Candidatus Fervidibacter sacchari	strain=PD1	na	latest	Complete Genome	Major	Full	2023-07-24	ASM3052010v1	University of Nevada, Las Vegas	GCA_030520105.1	identical	https://ftp.ncbi.nlm.nih.gov/genomes/all/GCF/030/520/105/GCF_030520105.1_ASM3052010v1	na	na	na        	haploid	bacteria	3988786	3988786	51.5	2	2	2	NCBI RefSeq	NCBI Prokaryotic Genome Annotation Pipeline (PGAP)	2024-01-21	3677	3601	54	na	Bacteria		Candidatus Fervidibacterota				Candidatus Fervidibacter			Bacteria candidate phyla	Bacteria incertae sedis											
GCF_039830185.1	PRJNA224116	SAMN41378261	na	reference genome	1454229	1454229	Bifidobacterium faecale	strain=JCM 19861	na	latest	Complete Genome	Major	Full	2024-05-26	ASM3983018v1	China Center of Industrial Culture Collection, China National Research Institute of Food and Fermentation Industries Co., LTD	GCA_039830185.1	identical	https://ftp.ncbi.nlm.nih.gov/genomes/all/GCF/039/830/185/GCF_039830185.1_ASM3983018v1	na	assembly from type material	na        	haploid	bacteria	2199425	2199425	59.0	1	1	1	NCBI RefSeq	GCF_039830185.1-RS_2024_06_17	2024-06-17	1903	1806	75	na																						
GCF_900215725.1	PRJNA224116	SAMEA104283475	OCSL00000000.1	reference genome	1464038	1464038	Ezakiella peruensis	strain=M6.X2	M6.X2	latest	Scaffold	Major	Full	2017-10-31	PRJEB22476	URMITE	GCA_900215725.1	identical	https://ftp.ncbi.nlm.nih.gov/genomes/all/GCF/900/215/725/GCF_900215725.1_PRJEB22476	na	assembly from type material	na        	haploid	bacteria	1673080	1672440	37.0	0	5	7	NCBI RefSeq	GCF_900215725.1-RS_2024_05_03	2024-05-03	1624	1554	53	na	Bacteria	Bacillati	Bacillota	Tissierellia			Ezakiella				Tissierellia incertae sedis											
GCF_900111285.1	PRJNA224116	SAMN05444126	FOGV00000000.1	reference genome	1464123	1464123	Salisediminibacterium haloalkalitolerans	strain=10nlg	na	latest	Scaffold	Major	Full	2016-10-31	IMG-taxon 2675903025 annotated assembly	DOE - JOINT GENOME INSTITUTE	GCA_900111285.1	identical	https://ftp.ncbi.nlm.nih.gov/genomes/all/GCF/900/111/285/GCF_900111285.1_IMG-taxon_2675903025_annotated_assembly	na	assembly from type material	na        	haploid	bacteria	2937914	2937459	47.0	0	68	68	NCBI RefSeq	GCF_900111285.1-RS_2024_05_03	2024-05-03	2903	2825	73	na																						
GCF_000744415.1	PRJNA224116	SAMN02745185	JQLW00000000.1	reference genome	1485545	1485545	Ghiorsea bivora	strain=TAG-1	na	latest	Scaffold	Major	Full	2014-08-28	ASM74441v1	DOE Joint Genome Institute	GCA_000744415.1	identical	https://ftp.ncbi.nlm.nih.gov/genomes/all/GCF/000/744/415/GCF_000744415.1_ASM74441v1	na	assembly from type material	na        	haploid	bacteria	2163552	2163542	42.5	0	13	13	NCBI RefSeq	NCBI Prokaryotic Genome Annotation Pipeline (PGAP)	2023-11-05	2217	2150	48	na	Bacteria	Pseudomonadati	Pseudomonadota	Zetaproteobacteria	Mariprofundales		Ghiorsea				Mariprofundales incertae sedis											
GCF_006716575.1	PRJNA224116	SAMN12024797	VFPI00000000.1	reference genome	1500506	1500506	Halopolyspora algeriensis	strain=DSM 46680	na	latest	Contig	Major	Full	2019-07-08	ASM671657v1	DOE Joint Genome Institute	GCA_006716575.1	identical	https://ftp.ncbi.nlm.nih.gov/genomes/all/GCF/006/716/575/GCF_006716575.1_ASM671657v1	na	assembly from type material	na        	haploid	bacteria	4526911	4526911	68.0	0	9	9	NCBI RefSeq	GCF_006716575.1-RS_2024_03_29	2024-03-29	4281	4147	67	na	Bacteria	Bacillati	Actinomycetota	Actinomycetes			Halopolyspora				Actinomycetes incertae sedis											
GCF_014191715.1	PRJNA224116	SAMN12025081	JACHWY000000000.1	reference genome	1524264	1524264	Litorivivens lipolytica	strain=CECT 8654	na	latest	Scaffold	Major	Full	2020-08-14	ASM1419171v1	DOE Joint Genome Institute	GCA_014191715.1	identical	https://ftp.ncbi.nlm.nih.gov/genomes/all/GCF/014/191/715/GCF_014191715.1_ASM1419171v1	na	assembly from type material	na        	haploid	bacteria	3489636	3489538	55.5	0	9	9	NCBI RefSeq	GCF_014191715.1-RS_2024_05_05	2024-05-05	3250	3194	47	na	Bacteria	Pseudomonadati	Pseudomonadota	Gammaproteobacteria			Litorivivens				Gammaproteobacteria incertae sedis											
GCF_014646075.1	PRJNA224116	SAMD00245185	BMMT00000000.1	reference genome	1530170	1530170	Saccharopolyspora subtropica	strain=CGMCC 4.7206	na	latest	Scaffold	Major	Full	2020-09-12	ASM1464607v1	WFCC-MIRCEN World Data Centre for Microorganisms (WDCM)	GCA_014646075.1	identical	https://ftp.ncbi.nlm.nih.gov/genomes/all/GCF/014/646/075/GCF_014646075.1_ASM1464607v1	na	assembly from type material	na        	haploid	bacteria	5359807	5359518	71.0	0	59	59	NCBI RefSeq	GCF_014646075.1-RS_2024_09_02	2024-09-02	5087	4953	59	30832757																						
GCF_003258315.1	PRJNA224116	SAMN09396997	na	reference genome	1548548	1548548	Bradymonas sediminis	strain=FA350	na	latest	Complete Genome	Major	Full	2018-06-20	ASM325831v1	Shandong University at Weihai	GCA_003258315.1	identical	https://ftp.ncbi.nlm.nih.gov/genomes/all/GCF/003/258/315/GCF_003258315.1_ASM325831v1	na	assembly from type material	na        	haploid	bacteria	5045683	5045683	61.0	1	1	1	NCBI RefSeq	GCF_003258315.1-RS_2024_03_28	2024-03-28	3800	3698	72	na	Bacteria			Deltaproteobacteria	Bradymonadales	Bradymonadaceae	Bradymonas			delta/epsilon subdivisions												
GCF_001460935.1	PRJNA224116	SAMEA2826832	na	reference genome	1561003	1561003	Candidatus Ichthyocystis hellenicum	na	2013Ark11	latest	Chromosome	Major	Full	2015-12-03	Ark11	Functional Genomics Genter Zurich	GCA_001460935.1	identical	https://ftp.ncbi.nlm.nih.gov/genomes/all/GCF/001/460/935/GCF_001460935.1_Ark11	na	na	na        	haploid	bacteria	2149384	2145808	35.5	1	1	1	NCBI RefSeq	GCF_001460935.1-RS_2024_03_31	2024-03-31	1598	1546	49	na	Bacteria	Pseudomonadati	Pseudomonadota	Betaproteobacteria	Burkholderiales		Candidatus Ichthyocystis				Burkholderiales genera incertae sedis											
GCF_900078725.1	PRJNA224116	SAMEA3903147	FKIJ00000000.1	reference genome	1561004	1561004	Candidatus Ichthyocystis sparus	na	2013Ark11B	latest	Contig	Major	Full	2016-04-11	2013Ark11A	Functional Genomics Genter Zurich	GCA_900078725.1	identical	https://ftp.ncbi.nlm.nih.gov/genomes/all/GCF/900/078/725/GCF_900078725.1_2013Ark11A	na	na	na        	haploid	bacteria	2248688	2248688	35.5	0	111	111	NCBI RefSeq	GCF_900078725.1-RS_2024_03_31	2024-03-31	1681	1626	46	na	Bacteria	Pseudomonadati	Pseudomonadota	Betaproteobacteria	Burkholderiales		Candidatus Ichthyocystis				Burkholderiales genera incertae sedis											
GCF_002149925.1	PRJNA224116	SAMN06175409	MSLT00000000.1	reference genome	1570016	1570016	Thioflexithrix psekupsensis	strain=D3	na	latest	Contig	Major	Full	2017-05-19	ASM214992v1	New England Biolabs	GCA_002149925.1	identical	https://ftp.ncbi.nlm.nih.gov/genomes/all/GCF/002/149/925/GCF_002149925.1_ASM214992v1	na	assembly from type material	na        	haploid	bacteria	3968255	3968255	42.0	0	27	27	NCBI RefSeq	GCF_002149925.1-RS_2024_04_30	2024-04-30	3447	3341	76	na	Bacteria	Pseudomonadati	Pseudomonadota	Gammaproteobacteria	Thiotrichales		Thioflexithrix				Thiotrichales incertae sedis											
GCF_003072465.1	PRJNA224116	SAMN07790522	na	reference genome	1576550	1576550	Candidatus Kinetoplastibacterium sorsogonicusi	strain=MF-08	na	latest	Complete Genome	Major	Full	2018-04-25	ASM307246v1	University of Sao Paulo	GCA_003072465.1	identical	https://ftp.ncbi.nlm.nih.gov/genomes/all/GCF/003/072/465/GCF_003072465.1_ASM307246v1	na	na	na        	haploid	bacteria	741697	741697	25.0	1	1	1	NCBI RefSeq	GCF_003072465.1-RS_2024_04_08	2024-04-08	721	665	51	29642956	Bacteria	Pseudomonadati	Pseudomonadota	Betaproteobacteria			Candidatus Kinetoplastidibacterium				Betaproteobacteria incertae sedis											
GCF_030419005.1	PRJNA224116	SAMN30932845	na	reference genome	1597781	1597781	Eleftheria terrae	strain=P9846-PB	na	latest	Complete Genome	Major	Full	2023-07-11	ASM3041900v1	NovoBiotic Pharmaceuticals	GCA_030419005.1	identical	https://ftp.ncbi.nlm.nih.gov/genomes/all/GCF/030/419/005/GCF_030419005.1_ASM3041900v1	na	na	na        	haploid	bacteria	7032382	7032382	69.0	4	4	4	NCBI RefSeq	GCF_030419005.1-RS_2024_07_13	2024-07-13	5927	5746	85	na	Bacteria	Pseudomonadati	Pseudomonadota	Betaproteobacteria	Burkholderiales		Eleftheria				Burkholderiales genera incertae sedis											
GCF_001535985.1	PRJNA224116	SAMN03435901	CZVS00000000.1	reference genome	1633631	1633631	Candidatus Kryptonium thompsonii	strain=JGI-5	na	latest	Scaffold	Major	Full	2016-01-22	JGI assembly	DOE - Joint Genome Institute	GCA_001535985.1	identical	https://ftp.ncbi.nlm.nih.gov/genomes/all/GCF/001/535/985/GCF_001535985.1_JGI_assembly	na	na	na        	haploid	bacteria	2199336	2199167	37.5	0	86	86	NCBI RefSeq	GCF_001535985.1-RS_2024_03_17	2024-03-17	2065	1987	40	na	Bacteria	Pseudomonadati	Candidatus Kryptoniota				Candidatus Kryptonium			FCB group												
GCF_001536065.1	PRJNA224116	SAMN03436147	CZVW00000000.1	reference genome	1633643	1633643	Candidatus Chrysopegis kryptomonas	strain=JGI-23	na	latest	Scaffold	Major	Full	2016-01-22	JGI assembly	DOE - Joint Genome Institute	GCA_001536065.1	identical	https://ftp.ncbi.nlm.nih.gov/genomes/all/GCF/001/536/065/GCF_001536065.1_JGI_assembly	na	na	na        	haploid	bacteria	2070112	2069977	36.5	0	43	43	NCBI RefSeq	GCF_001536065.1-RS_2024_03_17	2024-03-17	1977	1898	51	na	Bacteria	Pseudomonadati	Candidatus Kryptoniota				Candidatus Chrysopegis			FCB group												
GCF_900070205.1	PRJNA224116	SAMN03436303	FAOO00000000.1	reference genome	1643428	1643428	Candidatus Thermokryptus mobilis	na	JGI-1	latest	Scaffold	Major	Full	2019-06-19	JGI assembly	DOE - Joint Genome Institute	GCA_900070205.1	identical	https://ftp.ncbi.nlm.nih.gov/genomes/all/GCF/900/070/205/GCF_900070205.1_JGI_assembly	na	na	na        	haploid	bacteria	2423295	2407532	38.5	0	35	35	NCBI RefSeq	NCBI Prokaryotic Genome Annotation Pipeline (PGAP)	2024-02-25	2312	2227	51	na	Bacteria	Pseudomonadati	Candidatus Kryptoniota				Candidatus Thermokryptus			FCB group												
GCF_001458555.1	PRJNA224116	SAMN03436132	CZVH00000000.1	reference genome	1643429	1643429	Candidatus Kryptobacter tengchongensis	strain=JGI-20	na	latest	Scaffold	Major	Full	2015-11-11	JGI assembly	DOE - Joint Genome Institute	GCA_001458555.1	identical	https://ftp.ncbi.nlm.nih.gov/genomes/all/GCF/001/458/555/GCF_001458555.1_JGI_assembly	na	na	na        	haploid	bacteria	1697275	1697218	36.5	0	109	109	NCBI RefSeq	GCF_001458555.1-RS_2024_03_17	2024-03-17	1647	1553	32	na	Bacteria	Pseudomonadati	Candidatus Kryptoniota				Candidatus Kryptobacter			FCB group												
GCF_001299475.1	PRJNA224116	SAMEA3538359	CYUJ00000000.1	reference genome	1673724	1673724	Neofamilia massiliensis	strain=SIT13	na	latest	Contig	Major	Full	2015-09-23	Neofamilia massiliensis	URMITE	GCA_001299475.1	identical	https://ftp.ncbi.nlm.nih.gov/genomes/all/GCF/001/299/475/GCF_001299475.1_Neofamilia_massiliensis	na	assembly from type material	na        	haploid	bacteria	1920334	1920334	34.0	0	3	3	NCBI RefSeq	GCF_001299475.1-RS_2024_04_12	2024-04-12	1840	1760	56	na	Bacteria	Bacillati	Bacillota	Clostridia	Eubacteriales		Neofamilia (nom. nud.)				Eubacteriales incertae sedis											
GCF_001078595.1	PRJNA224116	SAMN03777540	LFTY00000000.1	reference genome	1675527	1675527	Candidatus Rhodobacter oscarellae	na	IGS	latest	Scaffold	Major	Full	2015-07-17	ASM107859v1	Spongex	GCA_001078595.1	identical	https://ftp.ncbi.nlm.nih.gov/genomes/all/GCF/001/078/595/GCF_001078595.1_ASM107859v1	na	na	na        	haploid	bacteria	5037502	5034992	63.5	0	2	2	NCBI RefSeq	GCF_001078595.1-RS_2024_10_21	2024-10-21	4926	4802	53	26337883	Bacteria	Pseudomonadati	Pseudomonadota	Alphaproteobacteria	Rhodobacterales		Rhodobacter				Rhodobacter group											
GCF_001286805.1	PRJNA224116	SAMEA3500893	CXYV00000000.1	reference genome	1686287	1686287	Kallipyga gabonensis	strain=GM4	na	latest	Contig	Major	Full	2015-08-31	Kallipyga gabonensis	URMITE	GCA_001286805.1	identical	https://ftp.ncbi.nlm.nih.gov/genomes/all/GCF/001/286/805/GCF_001286805.1_Kallipyga_gabonensis	na	assembly from type material	na        	haploid	bacteria	1621211	1621211	50.0	0	2	2	NCBI RefSeq	GCF_001286805.1-RS_2024_03_27	2024-03-27	1518	1431	64	na	Bacteria	Bacillati	Bacillota	Tissierellia			Kallipyga				Tissierellia incertae sedis											
GCF_900626145.1	PRJNA224116	SAMEA5138309	UZAR00000000.1	reference genome	1689270	1689270	Intestinimonas timonensis	strain=GD4	na	latest	Scaffold	Major	Full	2018-12-07	PRJEB30006	URMITE	GCA_900626145.1	identical	https://ftp.ncbi.nlm.nih.gov/genomes/all/GCF/900/626/145/GCF_900626145.1_PRJEB30006	na	assembly from type material	na        	haploid	bacteria	3444574	3443867	59.0	0	28	35	NCBI RefSeq	GCF_900626145.1-RS_2024_04_10	2024-04-10	3621	3434	91	na	Bacteria	Bacillati	Bacillota	Clostridia	Eubacteriales		Intestinimonas				Eubacteriales incertae sedis											
GCF_001293165.1	PRJNA224116	SAMN03280981	na	reference genome	1705394	1705394	Candidatus Thioglobus autotrophicus	strain=EF1	na	latest	Complete Genome	Major	Full	2015-09-17	ASM129316v1	University of Washington	GCA_001293165.1	identical	https://ftp.ncbi.nlm.nih.gov/genomes/all/GCF/001/293/165/GCF_001293165.1_ASM129316v1	na	assembly from type material	na        	haploid	bacteria	1512449	1512449	39.0	1	1	1	NCBI RefSeq	NCBI Prokaryotic Genome Annotation Pipeline (PGAP)	2024-03-03	1657	1610	42	27434424;26494660	Bacteria	Pseudomonadati	Pseudomonadota	Gammaproteobacteria		Candidatus Pseudothioglobaceae	Candidatus Thioglobus				Gammaproteobacteria incertae sedis											
GCF_002075085.1	PRJNA224116	SAMN04088567	LKAS00000000.1	reference genome	1719126	1719126	bacterium endosymbiont of Pedicinus badii	strain=PRUG	na	latest	Contig	Major	Full	2017-03-30	ASM207508v1	University of Illinois Urbana-Champaign	GCA_002075085.1	identical	https://ftp.ncbi.nlm.nih.gov/genomes/all/GCF/002/075/085/GCF_002075085.1_ASM207508v1	na	na	na        	haploid	bacteria	558122	558122	24.0	0	2	2	NCBI RefSeq	GCF_002075085.1-RS_2024_04_30	2024-04-30	601	541	48	28419279	Bacteria	Pseudomonadati	Pseudomonadota	Gammaproteobacteria							unclassified Gammaproteobacteria											
GCF_001457835.1	PRJNA224116	SAMEA3635103	CZPW00000000.1	reference genome	1723384	1723384	Fenollaria timonensis	strain=GD5	na	latest	Scaffold	Major	Full	2015-11-06	Micromassilia timonensis	URMITE	GCA_001457835.1	identical	https://ftp.ncbi.nlm.nih.gov/genomes/all/GCF/001/457/835/GCF_001457835.1_Micromassilia_timonensis	na	assembly from type material	na        	haploid	bacteria	1739382	1738806	35.5	0	8	9	NCBI RefSeq	GCF_001457835.1-RS_2024_06_10	2024-06-10	1660	1576	62	na	Bacteria	Bacillati	Bacillota	Clostridia	Eubacteriales		Fenollaria				Eubacteriales incertae sedis											
GCF_021295345.1	PRJNA224116	SAMN20892914	JAIMJB000000000.1	reference genome	1737488	1737488	Motilimonas eburnea	strain=YH6	na	latest	Scaffold	Major	Full	2021-12-27	ASM2129534v1	Hohai University	GCA_021295345.1	identical	https://ftp.ncbi.nlm.nih.gov/genomes/all/GCF/021/295/345/GCF_021295345.1_ASM2129534v1	na	assembly from type material	na        	haploid	bacteria	4591594	4591197	46.0	0	71	71	NCBI RefSeq	GCF_021295345.1-RS_2024_06_14	2024-06-14	4210	4060	116	34921716	Bacteria	Pseudomonadati	Pseudomonadota	Gammaproteobacteria	Alteromonadales		Motilimonas				Alteromonadales genera incertae sedis											
GCF_022026155.1	PRJNA224116	SAMN22120204	na	reference genome	1750598	1750598	Dissulfurimicrobium hydrothermale	strain=Sh68	na	latest	Complete Genome	Major	Full	2022-02-07	ASM2202615v1	IUEM	GCA_022026155.1	identical	https://ftp.ncbi.nlm.nih.gov/genomes/all/GCF/022/026/155/GCF_022026155.1_ASM2202615v1	na	assembly from type material	na        	haploid	bacteria	2025450	2025450	49.5	1	1	1	NCBI RefSeq	NCBI Prokaryotic Genome Annotation Pipeline (PGAP)	2024-02-06	1931	1843	54	35056509	Bacteria			Deltaproteobacteria			Dissulfurimicrobium			delta/epsilon subdivisions	Deltaproteobacteria incertae sedis											
GCF_001483135.1	PRJNA224116	SAMN04246309	LNAL00000000.1	reference genome	1751427	1751427	Solirubrum puertoriconensis	strain=MC1A	na	latest	Contig	Major	Full	2015-12-29	ASM148313v1	UPR- Mayaguez	GCA_001483135.1	identical	https://ftp.ncbi.nlm.nih.gov/genomes/all/GCF/001/483/135/GCF_001483135.1_ASM148313v1	na	na	na        	haploid	bacteria	4804721	4804721	59.0	0	8	8	NCBI RefSeq	GCF_001483135.1-RS_2024_06_22	2024-06-22	4227	4150	64	26981418	Bacteria	Pseudomonadati	Bacteroidota	Cytophagia	Cytophagales		Solirubrum			Bacteroidota/Chlorobiota group	Cytophagales incertae sedis											
GCF_003574135.1	PRJNA224116	SAMD00083434	na	reference genome	1763363	1763363	cyanobacterium endosymbiont of Rhopalodia gibberula	na	cyanobacterium endosymbiont of Rhopalodia gibberula isolate RgSB Namiki Park	latest	Complete Genome	Major	Full	2017-10-17	ASM357413v1	Center for Computational Sciences, University of Tsukuba	GCA_003574135.1	identical	https://ftp.ncbi.nlm.nih.gov/genomes/all/GCF/003/574/135/GCF_003574135.1_ASM357413v1	na	na	na        	haploid	bacteria	3020309	3020309	34.0	1	1	1	NCBI RefSeq	GCF_003574135.1-RS_2024_03_28	2024-03-28	2027	1908	49	29026213	Bacteria	Bacillati	Cyanobacteriota							Cyanobacteriota/Melainabacteria group	unclassified Cyanobacteriota											
GCF_012979235.1	PRJNA224116	SAMN14464895	JAATWC000000000.1	reference genome	1765737	1765737	Dissulfurirhabdus thermomarina	strain=SH388	na	latest	Contig	Major	Full	2020-05-06	ASM1297923v1	IUEM	GCA_012979235.1	identical	https://ftp.ncbi.nlm.nih.gov/genomes/all/GCF/012/979/235/GCF_012979235.1_ASM1297923v1	na	assembly from type material	na        	haploid	bacteria	2461349	2461349	71.0	0	34	34	NCBI RefSeq	GCF_012979235.1-RS_2024_05_05	2024-05-05	2324	2248	54	na	Bacteria			Deltaproteobacteria		Dissulfurirhabdaceae	Dissulfurirhabdus			delta/epsilon subdivisions	Deltaproteobacteria incertae sedis											
GCF_001611555.1	PRJNA224116	SAMN04455719	LSGP00000000.1	reference genome	1794912	1794912	Anaerosporomusa subterranea	strain=RU4	na	latest	Contig	Major	Full	2016-04-05	ASM161155v1	Rutgers, The State University of New Jersey	GCA_001611555.1	identical	https://ftp.ncbi.nlm.nih.gov/genomes/all/GCF/001/611/555/GCF_001611555.1_ASM161155v1	na	assembly from type material	na        	haploid	bacteria	3968191	3968191	47.0	0	28	28	NCBI RefSeq	NCBI Prokaryotic Genome Annotation Pipeline (PGAP)	2024-02-12	3795	3687	84	na	Bacteria	Bacillati	Bacillota	Negativicutes		Acetonemataceae	Anaerosporomusa				Negativicutes incertae sedis											
GCF_001748265.1	PRJNA224116	SAMD00057624	BDGS00000000.1	reference genome	1826671	1826671	Pseudomonas humi	strain=CCA1	na	latest	Contig	Major	Full	2016-08-18	ASM174826v1	Bioconversion Group, Research Institute for Sustainable Chemistry, Materials and Chemistry, National Institute of Advanced Industrial Science and Technology	GCA_001748265.1	identical	https://ftp.ncbi.nlm.nih.gov/genomes/all/GCF/001/748/265/GCF_001748265.1_ASM174826v1	na	assembly from type material	na        	haploid	bacteria	6993992	6993992	67.0	0	24	24	NCBI RefSeq	GCF_001748265.1-RS_2024_08_12	2024-08-12	6226	6046	91	27932657;30478729																						
GCF_015207075.1	PRJNA224116	SAMN16351752	JADEXN000000000.1	reference genome	1828826	2992134	Zarconia navalis LEGE 11467	strain=LEGE 11467	na	latest	Contig	Major	Full	2020-11-02	ASM1520707v1	CIIMAR	GCA_015207075.1	identical	https://ftp.ncbi.nlm.nih.gov/genomes/all/GCF/015/207/075/GCF_015207075.1_ASM1520707v1	na	assembly from type material	na        	haploid	bacteria	4198480	4198480	49.0	0	435	435	NCBI RefSeq	NCBI Prokaryotic Genome Annotation Pipeline (PGAP)	2023-11-22	3757	3539	41	na	Bacteria	Bacillati	Cyanobacteriota	Cyanophyceae	Oscillatoriales		Zarconia		Oscillatoriophycideae	Cyanobacteriota/Melainabacteria group	Oscillatoriales incertae sedis			Zarconia navalis								
GCF_001856665.1	PRJNA224116	SAMN05726021	na	reference genome	1850250	1850250	Rhodobacter xanthinilyticus	strain=LPB0142	na	latest	Complete Genome	Major	Full	2016-10-31	ASM185666v1	Korea University	GCA_001856665.1	identical	https://ftp.ncbi.nlm.nih.gov/genomes/all/GCF/001/856/665/GCF_001856665.1_ASM185666v1	na	assembly from type material	na        	haploid	bacteria	3780829	3780829	67.0	4	4	4	NCBI RefSeq	GCF_001856665.1-RS_2024_10_22	2024-10-22	3765	3610	65	na	Bacteria	Pseudomonadati	Pseudomonadota	Alphaproteobacteria	Rhodobacterales		Rhodobacter				Rhodobacter group											
GCF_900120165.1	PRJNA224116	SAMEA4554850	na	reference genome	1852374	1852374	Ezakiella massiliensis	strain=Marseille-P2951T	na	latest	Complete Genome	Major	Full	2016-11-22	PRJEB15652	URMITE	GCA_900120165.1	identical	https://ftp.ncbi.nlm.nih.gov/genomes/all/GCF/900/120/165/GCF_900120165.1_PRJEB15652	na	assembly from type material	na        	haploid	bacteria	1741785	1741785	36.5	1	1	1	NCBI RefSeq	NCBI Prokaryotic Genome Annotation Pipeline (PGAP)	2024-02-12	1653	1574	55	na	Bacteria	Bacillati	Bacillota	Tissierellia			Ezakiella				Tissierellia incertae sedis											
GCF_900089955.1	PRJNA224116	SAMEA4032471	FLQX00000000.1	reference genome	1860102	1860102	Candidatus Accumulibacter aalborgensis	na	3	latest	Contig	Major	Full	2016-06-16	A_S1_v1	Department of Biotechnology, Chemistry and Environmental Engineering, Aalborg University	GCA_900089955.1	identical	https://ftp.ncbi.nlm.nih.gov/genomes/all/GCF/900/089/955/GCF_900089955.1_A_S1_v1	na	na	na        	haploid	bacteria	4707069	4707069	62.5	0	181	181	NCBI RefSeq	GCF_900089955.1-RS_2024_05_02	2024-05-02	4376	4189	53	na	Bacteria	Pseudomonadati	Pseudomonadota	Betaproteobacteria			Candidatus Accumulibacter				Betaproteobacteria incertae sedis											
GCF_900120375.1	PRJNA224116	SAMEA4555317	na	reference genome	1871025	1871025	Ndongobacter massiliensis	strain=Marseille-P3170T	na	latest	Complete Genome	Major	Full	2016-11-22	PRJEB18029	URMITE	GCA_900120375.1	identical	https://ftp.ncbi.nlm.nih.gov/genomes/all/GCF/900/120/375/GCF_900120375.1_PRJEB18029	na	assembly from type material	na        	haploid	bacteria	1864878	1864878	49.5	1	1	1	NCBI RefSeq	NCBI Prokaryotic Genome Annotation Pipeline (PGAP)	2024-02-12	1774	1682	61	na	Bacteria	Bacillati	Bacillota				Ndongobacter				Bacillota sensu stricto incertae sedis											
GCF_900148495.1	PRJNA224116	SAMEA4519304	FTRU00000000.1	reference genome	1871035	1871035	Negativibacillus massiliensis	strain=Marseille-P3213T	na	latest	Contig	Major	Full	2017-01-25	PRJEB16359	URMITE	GCA_900148495.1	identical	https://ftp.ncbi.nlm.nih.gov/genomes/all/GCF/900/148/495/GCF_900148495.1_PRJEB16359	na	assembly from type material	na        	haploid	bacteria	2876881	2876881	45.5	0	8	8	NCBI RefSeq	NCBI Prokaryotic Genome Annotation Pipeline (PGAP)	2024-01-29	2780	2674	70	na	Bacteria	Bacillati	Bacillota				Negativibacillus				Bacillota sensu stricto incertae sedis											
GCF_001931505.1	PRJNA224116	SAMN05433522	na	reference genome	1882918	1882918	Pajaroellobacter abortibovis	strain=BTF92-0548A/99-0131	na	latest	Chromosome	Major	Full	2017-01-04	ASM193150v1	University of California, Davis	GCA_001931505.1	identical	https://ftp.ncbi.nlm.nih.gov/genomes/all/GCF/001/931/505/GCF_001931505.1_ASM193150v1	na	na	na        	haploid	bacteria	1821632	1821592	47.5	1	1	1	NCBI RefSeq	GCF_001931505.1-RS_2024_03_28	2024-03-28	1719	1651	49	na	Bacteria	Pseudomonadati	Myxococcota		Polyangiales	Polyangiaceae	Pajaroellobacter		Polyangia													
GCF_002835605.1	PRJNA224116	SAMN08131258	PIYS00000000.1	reference genome	1905276	1905276	Pseudomonas pharmacofabricae	strain=ZYSR67-Z	na	latest	Scaffold	Major	Full	2017-12-12	ASM283560v1	Zhejiang University	GCA_002835605.1	identical	https://ftp.ncbi.nlm.nih.gov/genomes/all/GCF/002/835/605/GCF_002835605.1_ASM283560v1	na	assembly from type material	na        	haploid	bacteria	3438790	3438518	62.5	0	34	34	NCBI RefSeq	GCF_002835605.1-RS_2024_05_03	2024-05-03	3345	3239	73	na																						
GCF_014644335.1	PRJNA224116	SAMD00245104	BMKM00000000.1	reference genome	1914757	1914757	Sphingobacterium soli	strain=CGMCC 1.15966	na	latest	Scaffold	Major	Full	2020-09-12	ASM1464433v1	WFCC-MIRCEN World Data Centre for Microorganisms (WDCM)	GCA_014644335.1	identical	https://ftp.ncbi.nlm.nih.gov/genomes/all/GCF/014/644/335/GCF_014644335.1_ASM1464433v1	na	assembly from type material	na        	haploid	bacteria	4430553	4430436	37.0	0	29	29	NCBI RefSeq	GCF_014644335.1-RS_2024_09_02	2024-09-02	3816	3744	56	30832757																						
GCF_002020805.1	PRJNA224116	SAMN06016300	MPRJ00000000.1	reference genome	1918948	1918948	Solemya velesiana gill symbiont	na	Sveles-Q1	latest	Scaffold	Major	Full	2017-03-06	ASM202080v1	Harvard University	GCA_002020805.1	identical	https://ftp.ncbi.nlm.nih.gov/genomes/all/GCF/002/020/805/GCF_002020805.1_ASM202080v1	na	na	na        	haploid	bacteria	2552746	2552630	55.5	0	128	128	NCBI RefSeq	GCF_002020805.1-RS_2024_05_03	2024-05-03	2603	2421	52	na	Bacteria	Pseudomonadati	Pseudomonadota	Gammaproteobacteria						sulfur-oxidizing symbionts	Gammaproteobacteria incertae sedis											
GCF_002021095.1	PRJNA224116	SAMN06016298	MPRK00000000.1	reference genome	1918949	1918949	Solemya elarraichensis gill symbiont	na	Se-Cadez	latest	Contig	Major	Full	2017-03-06	ASM202109v1	Harvard University	GCA_002021095.1	identical	https://ftp.ncbi.nlm.nih.gov/genomes/all/GCF/002/021/095/GCF_002021095.1_ASM202109v1	na	na	na        	haploid	bacteria	2047614	2047614	51.0	0	378	378	NCBI RefSeq	GCF_002021095.1-RS_2024_08_20	2024-08-20	2275	2095	39	na	Bacteria	Pseudomonadati	Pseudomonadota	Gammaproteobacteria						sulfur-oxidizing symbionts	Gammaproteobacteria incertae sedis											
GCF_002688585.1	PRJNA224116	SAMN07786750	na	reference genome	1925548	1925548	Candidatus Fonsibacter ubiquis	strain=LSUCC0530	LSUCC0530	latest	Complete Genome	Major	Full	2017-10-24	ASM268858v1	Louisiana State University	GCA_002688585.1	identical	https://ftp.ncbi.nlm.nih.gov/genomes/all/GCF/002/688/585/GCF_002688585.1_ASM268858v1	na	na	na        	haploid	bacteria	1160202	1160202	29.0	1	1	1	NCBI RefSeq	GCF_002688585.1-RS_2024_03_31	2024-03-31	1268	1227	39	na	Bacteria	Pseudomonadati	Pseudomonadota	Alphaproteobacteria	Candidatus Pelagibacterales		Candidatus Fonsibacter				Candidatus Pelagibacterales incertae sedis											
GCF_004102945.1	PRJNA224116	SAMN06176963	na	reference genome	1930593	1930593	Candidatus Velamenicoccus archaeovorus	strain=LiM	na	latest	Complete Genome	Major	Full	2019-01-22	ASM410294v1	Max Planck Institute for Marine Microbiology	GCA_004102945.1	identical	https://ftp.ncbi.nlm.nih.gov/genomes/all/GCF/004/102/945/GCF_004102945.1_ASM410294v1	na	na	na        	haploid	bacteria	1974201	1974201	53.0	1	1	1	NCBI RefSeq	GCF_004102945.1-RS_2024_03_31	2024-03-31	1892	1836	51	na	Bacteria	Pseudomonadati	Candidatus Omnitrophota				Candidatus Velamenicoccus			PVC group												
GCF_004296515.1	PRJNA224116	SAMD00080338	na	reference genome	1971488	1971488	endosymbiont of Pachyrhynchus infernalis	na	NARPIN1	latest	Complete Genome	Major	Full	2017-10-21	ASM429651v1	The Open University of Japan	GCA_004296515.1	identical	https://ftp.ncbi.nlm.nih.gov/genomes/all/GCF/004/296/515/GCF_004296515.1_ASM429651v1	na	na	na        	haploid	bacteria	226299	226299	17.5	1	1	1	NCBI RefSeq	GCF_004296515.1-RS_2024_03_31	2024-03-31	253	211	40	28923972	Bacteria	Pseudomonadati	Pseudomonadota	Gammaproteobacteria			Candidatus Nardonella				unclassified Candidatus Nardonella											
GCF_004296495.1	PRJNA224116	SAMD00080335	na	reference genome	1972133	1971485	endosymbiont of Rhynchophorus ferrugineus	na	NARRFE1	latest	Complete Genome	Major	Full	2017-10-21	ASM429649v1	The Open University of Japan	GCA_004296495.1	identical	https://ftp.ncbi.nlm.nih.gov/genomes/all/GCF/004/296/495/GCF_004296495.1_ASM429649v1	na	na	na        	haploid	bacteria	200316	200316	15.5	1	1	1	NCBI RefSeq	GCF_004296495.1-RS_2024_03_31	2024-03-31	233	198	32	28923972	Bacteria	Pseudomonadati	Pseudomonadota	Gammaproteobacteria			Candidatus Nardonella				Gammaproteobacteria incertae sedis			Candidatus Nardonella dryophthoridicola								
GCF_004296475.1	PRJNA224116	SAMD00080336	na	reference genome	1972134	1972134	endosymbiont of Sipalinus gigas	na	NARSGI1	latest	Complete Genome	Major	Full	2017-10-21	ASM429647v1	The Open University of Japan	GCA_004296475.1	identical	https://ftp.ncbi.nlm.nih.gov/genomes/all/GCF/004/296/475/GCF_004296475.1_ASM429647v1	na	na	na        	haploid	bacteria	232663	232663	17.5	2	2	2	NCBI RefSeq	GCF_004296475.1-RS_2024_03_31	2024-03-31	266	228	37	28923972	Bacteria	Pseudomonadati	Pseudomonadota	Gammaproteobacteria			Candidatus Nardonella				unclassified Candidatus Nardonella											
GCF_003546845.1	PRJNA224116	SAMN07679736	NWVA00000000.1	reference genome	2039283	2039283	endosymbiont GvMRE of Glomus versiforme	strain=GvMRE	na	latest	Scaffold	Major	Full	2018-09-11	ASM354684v1	Cornell University	GCA_003546845.1	identical	https://ftp.ncbi.nlm.nih.gov/genomes/all/GCF/003/546/845/GCF_003546845.1_ASM354684v1	na	na	na        	haploid	bacteria	2487246	2481315	31.5	0	9	9	NCBI RefSeq	GCF_003546845.1-RS_2024_05_04	2024-05-04	2769	2642	108	na	Bacteria	Bacillati	Mycoplasmatota	Mollicutes	Mycoplasmatales						unclassified Mycoplasmatales											
GCF_003366055.1	PRJNA224116	SAMN08225565	na	reference genome	2066483	2066483	Candidatus Chromulinivorax destructor	strain=SeV1	na	latest	Complete Genome	Major	Full	2018-08-07	ASM336605v1	University of British Columbia	GCA_003366055.1	identical	https://ftp.ncbi.nlm.nih.gov/genomes/all/GCF/003/366/055/GCF_003366055.1_ASM336605v1	na	assembly from type material	na        	haploid	bacteria	1174272	1174272	33.5	1	1	1	NCBI RefSeq	GCF_003366055.1-RS_2024_06_23	2024-06-23	1132	1080	46	na	Bacteria			Candidatus Babeliae	Candidatus Babeliales	Candidatus Chromulinivoraceae	Candidatus Chromulinivorax			Candidatus Babelota	Bacteria incertae sedis											
GCF_003097315.1	PRJNA224116	SAMN08959339	QDDL00000000.1	reference genome	2080658	2080658	Pelagibaculum spongiae	strain=Hp12	na	latest	Contig	Major	Full	2018-05-07	ASM309731v1	Matis ohf	GCA_003097315.1	identical	https://ftp.ncbi.nlm.nih.gov/genomes/all/GCF/003/097/315/GCF_003097315.1_ASM309731v1	na	assembly from type material	na        	haploid	bacteria	4985720	4985720	43.0	0	21	21	NCBI RefSeq	GCF_003097315.1-RS_2024_08_08	2024-08-08	4346	4200	101	31120827	Bacteria	Pseudomonadati	Pseudomonadota	Gammaproteobacteria	Oceanospirillales		Pelagibaculum				Oceanospirillales incertae sedis											
GCF_900312975.1	PRJNA224116	SAMEA104651889	na	reference genome	2086584	2086584	Massilistercora timonensis	strain=Marseille-P3756	na	latest	Complete Genome	Major	Full	2018-03-15	PRJEB24953	URMITE	GCA_900312975.1	identical	https://ftp.ncbi.nlm.nih.gov/genomes/all/GCF/900/312/975/GCF_900312975.1_PRJEB24953	na	assembly from type material	na        	haploid	bacteria	2769591	2769591	51.0	1	1	1	NCBI RefSeq	GCF_900312975.1-RS_2024_04_12	2024-04-12	2753	2655	71	na	Bacteria	Bacillati	Bacillota	Clostridia	Eubacteriales		Massilistercora				Eubacteriales incertae sedis											
GCF_003344535.1	PRJNA224116	SAMN09070411	QPKS00000000.1	reference genome	2184695	2184695	Exiguobacterium flavidum	strain=HF60	na	latest	Scaffold	Major	Full	2018-07-27	ASM334453v1	Shandong University	GCA_003344535.1	identical	https://ftp.ncbi.nlm.nih.gov/genomes/all/GCF/003/344/535/GCF_003344535.1_ASM334453v1	na	assembly from type material	na        	haploid	bacteria	2703469	2703424	55.0	0	23	23	NCBI RefSeq	NCBI Prokaryotic Genome Annotation Pipeline (PGAP)	2024-02-19	2728	2665	49	na	Bacteria	Bacillati	Bacillota	Bacilli	Bacillales		Exiguobacterium				Bacillales Family XII. Incertae Sedis											
GCF_003260125.1	PRJNA224116	SAMN09269811	QHKO00000000.1	reference genome	2211119	2211119	Lujinxingia litoralis	strain=B210	na	latest	Scaffold	Major	Full	2018-06-22	ASM326012v1	Shandong University at Weihai	GCA_003260125.1	identical	https://ftp.ncbi.nlm.nih.gov/genomes/all/GCF/003/260/125/GCF_003260125.1_ASM326012v1	na	assembly from type material	na        	haploid	bacteria	5008384	5008013	64.5	0	30	30	NCBI RefSeq	GCF_003260125.1-RS_2024_05_26	2024-05-26	3891	3798	64	na	Bacteria			Deltaproteobacteria	Bradymonadales	Lujinxingiaceae	Lujinxingia			delta/epsilon subdivisions												
GCF_008121455.1	PRJNA224116	SAMN09258196	QIML00000000.1	reference genome	2211183	2211183	Evtepia gabavorous	strain=KLE1738	na	latest	Contig	Major	Full	2019-08-28	ASM812145v1	Northeastern University	GCA_008121455.1	identical	https://ftp.ncbi.nlm.nih.gov/genomes/all/GCF/008/121/455/GCF_008121455.1_ASM812145v1	na	assembly from type material	na        	haploid	bacteria	2494407	2494407	58.0	0	67	67	NCBI RefSeq	GCF_008121455.1-RS_2024_03_29	2024-03-29	2431	2336	75	na	Bacteria	Bacillati	Bacillota	Clostridia	Eubacteriales		Evtepia				Eubacteriales incertae sedis											
GCF_007556685.1	PRJNA224116	SAMN12219347	VJON00000000.1	reference genome	2267262	2267262	Tepidimonas charontis	strain=SPSP-6	na	latest	Contig	Major	Full	2019-07-26	ASM755668v1	Biocant	GCA_007556685.1	identical	https://ftp.ncbi.nlm.nih.gov/genomes/all/GCF/007/556/685/GCF_007556685.1_ASM755668v1	na	assembly from type material	na        	haploid	bacteria	2808982	2808982	66.5	0	127	127	NCBI RefSeq	NCBI Prokaryotic Genome Annotation Pipeline (PGAP)	2024-01-29	2765	2580	63	na	Bacteria	Pseudomonadati	Pseudomonadota	Betaproteobacteria	Burkholderiales		Tepidimonas				Burkholderiales genera incertae sedis											
GCF_011009555.1	PRJNA224116	SAMN09765393	QXHD00000000.1	reference genome	2292702	2950184	Adonisia turfae CCMR0081	strain=CCMR0081	na	latest	Scaffold	Major	Full	2020-02-25	ASM1100955v1	Federal University of Rio de Janeiro	GCA_011009555.1	identical	https://ftp.ncbi.nlm.nih.gov/genomes/all/GCF/011/009/555/GCF_011009555.1_ASM1100955v1	na	assembly from type material	na        	haploid	bacteria	8660379	8656239	47.5	0	17	17	NCBI RefSeq	GCF_011009555.1-RS_2024_06_06	2024-06-06	7478	7184	81	32060621	Bacteria	Bacillati	Cyanobacteriota				Adonisia			Cyanobacteriota/Melainabacteria group	Cyanobacteriota incertae sedis			Adonisia turfae								
GCF_007993775.1	PRJNA224116	SAMN12418628	na	reference genome	2292766	2292766	Persicimonas caeni	strain=YN101	na	latest	Complete Genome	Major	Full	2019-08-13	ASM799377v1	Shandong University at Weihai	GCA_007993775.1	identical	https://ftp.ncbi.nlm.nih.gov/genomes/all/GCF/007/993/775/GCF_007993775.1_ASM799377v1	na	assembly from type material	na        	haploid	bacteria	8047206	8047206	64.0	1	1	1	NCBI RefSeq	GCF_007993775.1-RS_2024_10_11	2024-10-11	5998	5900	69	na	Bacteria			Deltaproteobacteria	Bradymonadales	Bradymonadaceae	Persicimonas			delta/epsilon subdivisions												
GCF_003664585.1	PRJNA224116	SAMN09786564	RCHI00000000.1	reference genome	2294033	2294033	Sinirhodobacter hankyongi	strain=BO-81	na	latest	Contig	Major	Full	2018-10-16	ASM366458v1	Hankyong National University	GCA_003664585.1	identical	https://ftp.ncbi.nlm.nih.gov/genomes/all/GCF/003/664/585/GCF_003664585.1_ASM366458v1	na	assembly from type material	na        	haploid	bacteria	3801301	3801301	68.5	0	52	52	NCBI RefSeq	GCF_003664585.1-RS_2024_10_23	2024-10-23	3724	3615	57	na	Bacteria	Pseudomonadati	Pseudomonadota	Alphaproteobacteria	Rhodobacterales		Paenirhodobacter				Rhodobacter group											
GCF_003596335.1	PRJNA224116	SAMN09914392	QZCH00000000.1	reference genome	2303987	2303987	Motilimonas pumila	strain=PLHSC7-2	na	latest	Contig	Major	Full	2018-09-24	ASM359633v1	Shandong Marine Resource and Environment Research Institute	GCA_003596335.1	identical	https://ftp.ncbi.nlm.nih.gov/genomes/all/GCF/003/596/335/GCF_003596335.1_ASM359633v1	na	assembly from type material	na        	haploid	bacteria	4542577	4542577	45.5	0	189	189	NCBI RefSeq	GCF_003596335.1-RS_2024_08_05	2024-08-05	4214	4070	89	na	Bacteria	Pseudomonadati	Pseudomonadota	Gammaproteobacteria	Alteromonadales		Motilimonas				Alteromonadales genera incertae sedis											
GCF_004022585.1	PRJNA224116	SAMN09939910	SAUW00000000.1	reference genome	2306993	2306993	Sinirhodobacter populi	strain=2D-5	na	latest	Contig	Major	Full	2019-01-14	ASM402258v1	Research Institute of Forest Ecology Environment and Protection	GCA_004022585.1	identical	https://ftp.ncbi.nlm.nih.gov/genomes/all/GCF/004/022/585/GCF_004022585.1_ASM402258v1	na	na	na        	haploid	bacteria	4493625	4493625	65.5	0	78	78	NCBI RefSeq	GCF_004022585.1-RS_2024_10_23	2024-10-23	4336	4159	58	na	Bacteria	Pseudomonadati	Pseudomonadota	Alphaproteobacteria	Rhodobacterales		Paenirhodobacter				Rhodobacter group											
GCF_004005565.1	PRJNA224116	SAMN10264077	SADD00000000.1	reference genome	2480984	2480984	Lujinxingia sediminis	strain=SEH01	na	latest	Contig	Major	Full	2019-01-08	ASM400556v1	Shandong University at Weihai	GCA_004005565.1	identical	https://ftp.ncbi.nlm.nih.gov/genomes/all/GCF/004/005/565/GCF_004005565.1_ASM400556v1	na	assembly from type material	na        	haploid	bacteria	5329124	5329124	63.5	0	41	41	NCBI RefSeq	GCF_004005565.1-RS_2024_05_26	2024-05-26	4059	3975	65	na	Bacteria			Deltaproteobacteria	Bradymonadales	Lujinxingiaceae	Lujinxingia			delta/epsilon subdivisions												
GCF_004210275.1	PRJNA224116	SAMN10347832	SCFA00000000.1	reference genome	2486577	2486577	Rickettsiales endosymbiont of Peranema trichophorum	na	RICK02	latest	Contig	Major	Full	2019-02-19	ASM421027v1	Center for Comparative Genomics and Evolutionary Bioinformatics	GCA_004210275.1	identical	https://ftp.ncbi.nlm.nih.gov/genomes/all/GCF/004/210/275/GCF_004210275.1_ASM421027v1	na	na	na        	haploid	bacteria	1375759	1375759	41.0	0	125	125	NCBI RefSeq	GCF_004210275.1-RS_2024_04_08	2024-04-08	1243	1171	42	na	Bacteria	Pseudomonadati	Pseudomonadota	Alphaproteobacteria	Rickettsiales						unclassified Rickettsiales											
GCF_003932735.1	PRJNA224116	SAMN10347691	na	reference genome	2486578	2486578	Rickettsiales endosymbiont of Stachyamoeba lipophora	strain=RICK01	na	latest	Complete Genome	Major	Full	2018-12-10	ASM393273v1	Center for Comparative Genomics and Evolutionary Bioinformatics	GCA_003932735.1	identical	https://ftp.ncbi.nlm.nih.gov/genomes/all/GCF/003/932/735/GCF_003932735.1_ASM393273v1	na	na	na        	haploid	bacteria	1738386	1738386	33.0	1	1	1	NCBI RefSeq	GCF_003932735.1-RS_2024_04_01	2024-04-01	1583	1528	45	na	Bacteria	Pseudomonadati	Pseudomonadota	Alphaproteobacteria	Rickettsiales						unclassified Rickettsiales											
GCF_003933735.1	PRJNA224116	SAMN10502104	RSED00000000.1	reference genome	2493092	2493092	Aquabacterium soli	strain=SJQ9	na	latest	Contig	Major	Full	2018-12-10	ASM393373v1	Shanghai Academy of Agricultural Sciences	GCA_003933735.1	identical	https://ftp.ncbi.nlm.nih.gov/genomes/all/GCF/003/933/735/GCF_003933735.1_ASM393373v1	na	assembly from type material	na        	haploid	bacteria	5418963	5418963	65.5	0	117	117	NCBI RefSeq	GCF_003933735.1-RS_2024_03_27	2024-03-27	4832	4715	50	na	Bacteria	Pseudomonadati	Pseudomonadota	Betaproteobacteria	Burkholderiales		Aquabacterium				Burkholderiales genera incertae sedis											
GCF_004022465.1	PRJNA224116	SAMN10690864	SAVA00000000.1	reference genome	2501515	2501515	Sinirhodobacter huangdaonensis	strain=CGMCC 1.12963	na	latest	Scaffold	Major	Full	2019-01-14	ASM402246v1	Research Institute of Forest Ecology Environment and Protection	GCA_004022465.1	identical	https://ftp.ncbi.nlm.nih.gov/genomes/all/GCF/004/022/465/GCF_004022465.1_ASM402246v1	na	assembly from type material	na        	haploid	bacteria	4146544	4146514	68.0	0	35	35	NCBI RefSeq	GCF_004022465.1-RS_2024_10_23	2024-10-23	4073	3942	57	na	Bacteria	Pseudomonadati	Pseudomonadota	Alphaproteobacteria	Rhodobacterales		Paenirhodobacter				Rhodobacter group											
GCF_004310865.1	PRJNA224116	SAMN10979390	SIXI00000000.1	reference genome	2528630	2528630	Aquabacterium lacunae	strain=KMB7	na	latest	Contig	Major	Full	2019-02-27	ASM431086v1	National Kaohsiung University of Science and Technology	GCA_004310865.1	identical	https://ftp.ncbi.nlm.nih.gov/genomes/all/GCF/004/310/865/GCF_004310865.1_ASM431086v1	na	assembly from type material	na        	haploid	bacteria	3896784	3896784	65.5	0	64	64	NCBI RefSeq	GCF_004310865.1-RS_2024_05_01	2024-05-01	3413	3333	59	na	Bacteria	Pseudomonadati	Pseudomonadota	Betaproteobacteria	Burkholderiales		Aquabacterium				Burkholderiales genera incertae sedis											
GCF_005144635.2	PRJNA224116	SAMN11382519	na	reference genome	2567896	2567896	Polyangium aurulentum	strain=SDU3-1	na	latest	Complete Genome	Major	Full	2022-05-09	ASM514463v2	Shandong University	GCA_005144635.2	identical	https://ftp.ncbi.nlm.nih.gov/genomes/all/GCF/005/144/635/GCF_005144635.2_ASM514463v2	na	assembly from type material	na        	haploid	bacteria	12320079	12320079	69.5	1	1	1	NCBI RefSeq	GCF_005144635.2-RS_2024_03_28	2024-03-28	9670	9573	79	na	Bacteria	Pseudomonadati	Myxococcota		Polyangiales	Polyangiaceae	Polyangium		Polyangia													
GCF_008039615.1	PRJNA224116	SAMN11959961	VDUZ00000000.1	reference genome	2586908	2586908	Vineibacter terrae	strain=CC-CFT640	na	latest	Contig	Major	Full	2019-08-20	ASM803961v1	Nation Chung Hsing University	GCA_008039615.1	identical	https://ftp.ncbi.nlm.nih.gov/genomes/all/GCF/008/039/615/GCF_008039615.1_ASM803961v1	na	assembly from type material	na        	haploid	bacteria	8756861	8756861	68.0	0	135	135	NCBI RefSeq	NCBI Prokaryotic Genome Annotation Pipeline (PGAP)	2024-02-11	8180	8011	57	na	Bacteria	Pseudomonadati	Pseudomonadota	Alphaproteobacteria	Hyphomicrobiales		Vineibacter				Hyphomicrobiales incertae sedis											
GCF_007556605.1	PRJNA224116	SAMN12027922	VJND00000000.1	reference genome	2588941	2588941	Tepidimonas sediminis	strain=YIM 72259	na	latest	Contig	Major	Full	2019-07-26	ASM755660v1	Biocant	GCA_007556605.1	identical	https://ftp.ncbi.nlm.nih.gov/genomes/all/GCF/007/556/605/GCF_007556605.1_ASM755660v1	na	assembly from type material	na        	haploid	bacteria	2533936	2533936	72.0	0	35	35	NCBI RefSeq	GCF_007556605.1-RS_2024_05_04	2024-05-04	2432	2347	56	na	Bacteria	Pseudomonadati	Pseudomonadota	Betaproteobacteria	Burkholderiales		Tepidimonas				Burkholderiales genera incertae sedis											
GCF_007556595.1	PRJNA224116	SAMN12027912	VJNB00000000.1	reference genome	2588942	2588942	Tepidimonas alkaliphilus	strain=YIM 72238	na	latest	Contig	Major	Full	2019-07-26	ASM755659v1	Biocant	GCA_007556595.1	identical	https://ftp.ncbi.nlm.nih.gov/genomes/all/GCF/007/556/595/GCF_007556595.1_ASM755659v1	na	assembly from type material	na        	haploid	bacteria	2465445	2465445	69.0	0	33	33	NCBI RefSeq	GCF_007556595.1-RS_2024_05_04	2024-05-04	2381	2280	54	na	Bacteria	Pseudomonadati	Pseudomonadota	Betaproteobacteria	Burkholderiales		Tepidimonas				Burkholderiales genera incertae sedis											
GCF_009746125.1	PRJNA224116	SAMN12116251	na	reference genome	2591109	2591109	Casimicrobium huifangae	strain=SJ-1	na	latest	Complete Genome	Major	Full	2019-12-13	ASM974612v1	Institute of Microbiology, CAS	GCA_009746125.1	identical	https://ftp.ncbi.nlm.nih.gov/genomes/all/GCF/009/746/125/GCF_009746125.1_ASM974612v1	na	assembly from type material	na        	haploid	bacteria	4465898	4465898	62.5	1	1	1	NCBI RefSeq	GCF_009746125.1-RS_2024_03_22	2024-03-22	4036	3957	55	31811031	Bacteria	Pseudomonadati	Pseudomonadota	Betaproteobacteria		Casimicrobiaceae	Casimicrobium				Betaproteobacteria incertae sedis											
GCF_007559025.1	PRJNA224116	SAMN12318968	na	reference genome	2597660	2597660	Tomitella fengzijianii	strain=HY188	na	latest	Complete Genome	Major	Full	2019-07-28	ASM755902v1	Chinese Center for Disease Control and Prevention	GCA_007559025.1	identical	https://ftp.ncbi.nlm.nih.gov/genomes/all/GCF/007/559/025/GCF_007559025.1_ASM755902v1	na	assembly from type material	na        	haploid	bacteria	4013250	4013250	71.0	2	2	2	NCBI RefSeq	NCBI Prokaryotic Genome Annotation Pipeline (PGAP)	2024-01-29	3678	3573	63	na	Bacteria	Bacillati	Actinomycetota	Actinomycetes	Mycobacteriales		Tomitella				Corynebacteriales incertae sedis											
GCF_007997015.1	PRJNA224116	SAMN12418627	VOSM00000000.1	reference genome	2600176	2600176	Lujinxingia vulgaris	strain=TMQ4	na	latest	Contig	Major	Full	2019-08-14	ASM799701v1	Shandong University at Weihai	GCA_007997015.1	identical	https://ftp.ncbi.nlm.nih.gov/genomes/all/GCF/007/997/015/GCF_007997015.1_ASM799701v1	na	assembly from type material	na        	haploid	bacteria	5553159	5553159	64.5	0	121	121	NCBI RefSeq	GCF_007997015.1-RS_2024_08_15	2024-08-15	4248	4147	68	na	Bacteria			Deltaproteobacteria	Bradymonadales	Lujinxingiaceae	Lujinxingia			delta/epsilon subdivisions												
GCF_007993755.1	PRJNA224116	SAMN12418637	na	reference genome	2600177	2600177	Microvenator marinus	strain=V1718	na	latest	Complete Genome	Major	Full	2019-08-13	ASM799375v1	Shandong University at Weihai	GCA_007993755.1	identical	https://ftp.ncbi.nlm.nih.gov/genomes/all/GCF/007/993/755/GCF_007993755.1_ASM799375v1	na	assembly from type material	na        	haploid	bacteria	5847748	5847748	55.0	1	1	1	NCBI RefSeq	GCF_007993755.1-RS_2024_05_26	2024-05-26	4836	4758	56	na	Bacteria			Deltaproteobacteria	Bradymonadales	Microvenatoraceae	Microvenator			delta/epsilon subdivisions												
GCF_008014345.1	PRJNA224116	SAMN12430227	VPFL00000000.1	reference genome	2602750	2602750	Pelomicrobium methylotrophicum	strain=SM250	na	latest	Contig	Major	Full	2019-08-18	ASM801434v1	Research Center of Biotechnology RAS	GCA_008014345.1	identical	https://ftp.ncbi.nlm.nih.gov/genomes/all/GCF/008/014/345/GCF_008014345.1_ASM801434v1	na	assembly from type material	na        	haploid	bacteria	3327116	3327116	65.0	0	65	65	NCBI RefSeq	GCF_008014345.1-RS_2024_04_30	2024-04-30	3371	3231	58	na	Bacteria	Pseudomonadati	Pseudomonadota	Hydrogenophilia			Pelomicrobium				Hydrogenophilalia incertae sedis											
GCF_902860225.1	PRJNA224116	SAMEA6595495	na	reference genome	2652803	2652803	Candidatus Azoamicus ciliaticola	na	1	latest	Complete Genome	Major	Full	2020-06-28	Azoamicus ciliaticola assembly	MAX PLANCK INSTITUTE FOR MARINE MICROBIOLOGY	GCA_902860225.1	identical	https://ftp.ncbi.nlm.nih.gov/genomes/all/GCF/902/860/225/GCF_902860225.1_Azoamicus_ciliaticola_assembly	na	na	na        	haploid	bacteria	292520	292520	24.5	1	1	1	NCBI RefSeq	NCBI Prokaryotic Genome Annotation Pipeline (PGAP)	2024-02-11	346	303	40	na	Bacteria	Pseudomonadati	Pseudomonadota	Gammaproteobacteria		Candidatus Azoamicaceae	Candidatus Azoamicus				Gammaproteobacteria incertae sedis											
GCF_010179735.1	PRJNA224116	SAMN13927516	JAAEEH000000000.1	reference genome	2662126	2662126	Anaerotalea alkaliphila	strain=F-3ap	na	latest	Contig	Major	Full	2020-02-04	ASM1017973v1	Research Center of Biotechnology RAS	GCA_010179735.1	identical	https://ftp.ncbi.nlm.nih.gov/genomes/all/GCF/010/179/735/GCF_010179735.1_ASM1017973v1	na	assembly from type material	na        	haploid	bacteria	2980040	2980040	57.0	0	94	94	NCBI RefSeq	GCF_010179735.1-RS_2024_05_05	2024-05-05	2861	2776	60	na	Bacteria	Bacillati	Bacillota	Clostridia	Eubacteriales		Anaerotalea				Eubacteriales incertae sedis											
GCF_025273655.1	PRJNA224116	SAMN13189580	na	reference genome	2665156	2665156	Candidatus Mycosynbacter amalyticus	na	JR1	latest	Complete Genome	Major	Full	2020-01-22	ASM2527365v1	La Trobe University	GCA_025273655.1	identical	https://ftp.ncbi.nlm.nih.gov/genomes/all/GCF/025/273/655/GCF_025273655.1_ASM2527365v1	na	na	na        	haploid	bacteria	1081308	1081308	50.5	1	1	1	NCBI RefSeq	GCF_025273655.1-RS_2024_09_29	2024-09-29	1175	1125	48	na	Bacteria		Candidatus Saccharibacteria				Candidatus Mycosynbacter			Bacteria candidate phyla	Candidatus Saccharibacteria incertae sedis											
GCF_010993745.1	PRJNA224116	SAMN13425622	WOTN00000000.1	reference genome	2681555	2681555	Fodinicola acaciae	strain=GKU 173	na	latest	Contig	Major	Full	2020-02-24	ASM1099374v1	Kasetsart University	GCA_010993745.1	identical	https://ftp.ncbi.nlm.nih.gov/genomes/all/GCF/010/993/745/GCF_010993745.1_ASM1099374v1	na	assembly from type material	na        	haploid	bacteria	8860993	8860993	68.0	0	4	4	NCBI RefSeq	GCF_010993745.1-RS_2024_05_05	2024-05-05	8453	8311	60	na	Bacteria	Bacillati	Actinomycetota	Actinomycetes	Mycobacteriales		Fodinicola				Corynebacteriales incertae sedis											
GCF_014529625.1	PRJNA224116	SAMN12856402	na	reference genome	2684113	2684113	Candidatus Pelagisphaera phototrophica	na	ISCC 53	latest	Complete Genome	Major	Full	2021-08-05	ASM1452962v2	University of Haifa	GCA_014529625.2	identical	https://ftp.ncbi.nlm.nih.gov/genomes/all/GCF/014/529/625/GCF_014529625.1_ASM1452962v2	na	na	na        	haploid	bacteria	4086264	4086264	49.5	1	1	1	NCBI RefSeq	GCF_014529625.1-RS_2024_05_06	2024-05-06	3589	3498	50	32840024	Bacteria	Pseudomonadati	Verrucomicrobiota	Opitutia	Puniceicoccales		Candidatus Pelagisphaera			PVC group	Puniceicoccales incertae sedis											
GCF_009906855.1	PRJNA224116	SAMN13783577	na	reference genome	2697032	2697032	Xylophilus rhododendri	strain=KACC 21265	na	latest	Complete Genome	Major	Full	2020-01-20	ASM990685v1	National Institute of Agricultural Sciences	GCA_009906855.1	identical	https://ftp.ncbi.nlm.nih.gov/genomes/all/GCF/009/906/855/GCF_009906855.1_ASM990685v1	na	assembly from type material	na        	haploid	bacteria	5873400	5873400	68.5	2	2	2	NCBI RefSeq	NCBI Prokaryotic Genome Annotation Pipeline (PGAP)	2024-01-22	5486	5316	65	na	Bacteria	Pseudomonadati	Pseudomonadota	Betaproteobacteria	Burkholderiales		Xylophilus				Burkholderiales genera incertae sedis											
GCF_013664685.1	PRJNA224116	SAMN13885186	JAAKDE000000000.1	reference genome	2699427	2699427	Capillibacterium thermochitinicola	strain=UUS1-1	na	latest	Contig	Major	Full	2020-07-24	ASM1366468v1	University of Tsukuba	GCA_013664685.1	identical	https://ftp.ncbi.nlm.nih.gov/genomes/all/GCF/013/664/685/GCF_013664685.1_ASM1366468v1	na	assembly from type material	na        	haploid	bacteria	2482547	2482547	52.0	0	86	86	NCBI RefSeq	NCBI Prokaryotic Genome Annotation Pipeline (PGAP)	2024-02-09	2358	2253	57	na	Bacteria	Bacillati	Bacillota				Capillibacterium				Bacillota sensu stricto incertae sedis											
GCF_013432195.1	PRJNA224116	SAMN15473270	JACCDB000000000.1	reference genome	2707016	2707016	Tepidicella baoligensis	strain=B18-50	na	latest	Scaffold	Major	Full	2020-07-21	ASM1343219v1	Institute of Microbiology, CAS	GCA_013432195.1	identical	https://ftp.ncbi.nlm.nih.gov/genomes/all/GCF/013/432/195/GCF_013432195.1_ASM1343219v1	na	assembly from type material	na        	haploid	bacteria	2874557	2874470	64.5	0	47	47	NCBI RefSeq	GCF_013432195.1-RS_2024_05_05	2024-05-05	2775	2665	57	na	Bacteria	Pseudomonadati	Pseudomonadota	Betaproteobacteria	Burkholderiales		Tepidicella				Burkholderiales genera incertae sedis											
GCF_011174775.1	PRJNA224116	SAMN14291278	JAANHS000000000.1	reference genome	2715277	2715277	Rhodobacter calidifons	strain=M37P	na	latest	Contig	Major	Full	2020-03-12	ASM1117477v1	Bellevue University	GCA_011174775.1	identical	https://ftp.ncbi.nlm.nih.gov/genomes/all/GCF/011/174/775/GCF_011174775.1_ASM1117477v1	na	assembly from type material	na        	haploid	bacteria	3626721	3626721	67.5	0	59	59	NCBI RefSeq	GCF_011174775.1-RS_2024_07_25	2024-07-25	3664	3530	52	35744687	Bacteria	Pseudomonadati	Pseudomonadota	Alphaproteobacteria	Rhodobacterales		Rhodobacter				Rhodobacter group											
GCF_021057185.1	PRJNA224116	SAMN14833664	na	reference genome	2735562	2735562	Candidatus Absconditicoccus praedator	strain=M39-6	na	latest	Complete Genome	Major	Full	2021-12-06	ASM2105718v1	Research Center of Biotechnology RAS	GCA_021057185.1	identical	https://ftp.ncbi.nlm.nih.gov/genomes/all/GCF/021/057/185/GCF_021057185.1_ASM2105718v1	na	na	na        	haploid	bacteria	1129696	1129696	28.0	1	1	1	NCBI RefSeq	GCF_021057185.1-RS_2024_03_28	2024-03-28	1076	1029	42	34750952	Bacteria		Candidatus Absconditibacteriota		Candidatus Absconditabacterales	Candidatus Absconditicoccaceae	Candidatus Absconditicoccus			Bacteria candidate phyla	Bacteria incertae sedis											
GCF_013342985.1	PRJNA224116	SAMN14943776	na	reference genome	2738852	2738852	Candidatus Ruthia endofausta	na	JDF_Ridge	latest	Complete Genome	Major	Full	2020-06-15	ASM1334298v1	University of California Santa Cruz	GCA_013342985.1	identical	https://ftp.ncbi.nlm.nih.gov/genomes/all/GCF/013/342/985/GCF_013342985.1_ASM1334298v1	na	na	na        	haploid	bacteria	1188809	1188809	36.5	1	1	1	NCBI RefSeq	GCF_013342985.1-RS_2024_04_08	2024-04-08	1360	1275	43	na	Bacteria	Pseudomonadati	Pseudomonadota	Gammaproteobacteria		Candidatus Pseudothioglobaceae	Candidatus Ruthturnera				Gammaproteobacteria incertae sedis											
GCF_013343005.1	PRJNA224116	SAMN14943775	na	reference genome	2738883	2738883	Candidatus Reidiella endopervernicosa	na	Santa_Monica_outfall	latest	Complete Genome	Major	Full	2020-06-15	ASM1334300v1	University of California Santa Cruz	GCA_013343005.1	identical	https://ftp.ncbi.nlm.nih.gov/genomes/all/GCF/013/343/005/GCF_013343005.1_ASM1334300v1	na	na	na        	haploid	bacteria	3446950	3446950	54.0	1	1	1	NCBI RefSeq	GCF_013343005.1-RS_2024_03_31	2024-03-31	3765	3566	49	na	Bacteria	Pseudomonadati	Pseudomonadota	Gammaproteobacteria			Candidatus Reidiella				Gammaproteobacteria incertae sedis											
GCF_964212635.1	PRJNA224116	SAMEA115676686	na	reference genome	2738886	2738886	Candidatus Thiodubiliella endoseptemdiera	na	f5363e9f-d249-45d8-8790-cd4b42162838	latest	Complete Genome	Major	Full	2024-08-06	xbBatSept2.Thiodubiliella_endoseptemdiera_1.1	WELLCOME SANGER INSTITUTE, Tree of Life, Wellcome Genome Campus, Hinxton CB10 1SA, United Kingdom	GCA_964212635.1	identical	https://ftp.ncbi.nlm.nih.gov/genomes/all/GCF/964/212/635/GCF_964212635.1_xbBatSept2.Thiodubiliella_endoseptemdiera_1.1	na	na	na        	haploid	bacteria	2003671	2003671	38.0	1	1	1	NCBI RefSeq	GCF_964212635.1-RS_2024_08_05	2024-08-05	2070	1997	43	na	Bacteria	Pseudomonadati	Pseudomonadota	Gammaproteobacteria		Candidatus Pseudothioglobaceae	Candidatus Thiodubiliella				Gammaproteobacteria incertae sedis											
GCF_021295315.1	PRJNA224116	SAMN20892913	JAIMJA000000000.1	reference genome	2742685	2742685	Motilimonas cestriensis	strain=MKS20	na	latest	Scaffold	Major	Full	2021-12-27	ASM2129531v1	Hohai University	GCA_021295315.1	identical	https://ftp.ncbi.nlm.nih.gov/genomes/all/GCF/021/295/315/GCF_021295315.1_ASM2129531v1	na	assembly from type material	na        	haploid	bacteria	4771568	4770876	44.0	0	89	89	NCBI RefSeq	GCF_021295315.1-RS_2024_05_13	2024-05-13	4422	4251	109	34921716	Bacteria	Pseudomonadati	Pseudomonadota	Gammaproteobacteria	Alteromonadales		Motilimonas				Alteromonadales genera incertae sedis											
GCF_018617875.1	PRJNA224116	SAMN15493207	JACSKZ000000000.1	reference genome	2751250	2751250	Exiguobacterium algae	strain=S126	na	latest	Scaffold	Major	Full	2021-06-01	ASM1861787v1	Institute of Oceanology, Chinese Academy of Sciences	GCA_018617875.1	identical	https://ftp.ncbi.nlm.nih.gov/genomes/all/GCF/018/617/875/GCF_018617875.1_ASM1861787v1	na	assembly from type material	na        	haploid	bacteria	2604965	2604865	48.5	0	16	16	NCBI RefSeq	GCF_018617875.1-RS_2024_03_29	2024-03-29	2694	2601	81	na	Bacteria	Bacillati	Bacillota	Bacilli	Bacillales		Exiguobacterium				Bacillales Family XII. Incertae Sedis											
GCF_018617855.1	PRJNA224116	SAMN15493208	JACSKY000000000.1	reference genome	2751251	2751251	Exiguobacterium qingdaonense	strain=S82	na	latest	Scaffold	Major	Full	2021-06-01	ASM1861785v1	Institute of Oceanology, Chinese Academy of Sciences	GCA_018617855.1	identical	https://ftp.ncbi.nlm.nih.gov/genomes/all/GCF/018/617/855/GCF_018617855.1_ASM1861785v1	na	assembly from type material	na        	haploid	bacteria	2738116	2738016	48.5	0	52	52	NCBI RefSeq	GCF_018617855.1-RS_2024_03_29	2024-03-29	2840	2748	74	na	Bacteria	Bacillati	Bacillota	Bacilli	Bacillales		Exiguobacterium				Bacillales Family XII. Incertae Sedis											
GCF_013282035.1	PRJNA224116	SAMD00192900	BLSC00000000.1	reference genome	2754717	2754717	Candidatus Hakubella thermalkaliphila	strain=S44	na	latest	Scaffold	Major	Full	2020-06-01	ASM1328203v1	Earth-Life Science Institute	GCA_013282035.1	identical	https://ftp.ncbi.nlm.nih.gov/genomes/all/GCF/013/282/035/GCF_013282035.1_ASM1328203v1	na	na	na        	haploid	bacteria	1676650	1676460	49.0	0	483	483	NCBI RefSeq	NCBI Prokaryotic Genome Annotation Pipeline (PGAP)	2023-12-03	1944	1854	32	32655506	Bacteria	Bacillati	Actinomycetota		Candidatus Hakubellales	Candidatus Hakubellaceae	Candidatus Hakubella				Actinomycetota incertae sedis											
GCF_014126825.1	PRJNA224116	SAMN15683358	na	reference genome	2760083	2760083	Tomitella gaofuii	strain=HY172	na	latest	Complete Genome	Major	Full	2020-08-10	ASM1412682v1	Chinese Center for Disease Control and Prevention	GCA_014126825.1	identical	https://ftp.ncbi.nlm.nih.gov/genomes/all/GCF/014/126/825/GCF_014126825.1_ASM1412682v1	na	assembly from type material	na        	haploid	bacteria	4353844	4353844	71.0	1	1	1	NCBI RefSeq	GCF_014126825.1-RS_2024_03_28	2024-03-28	4068	3888	65	na	Bacteria	Bacillati	Actinomycetota	Actinomycetes	Mycobacteriales		Tomitella				Corynebacteriales incertae sedis											
GCF_014287875.1	PRJNA224116	SAMN15808687	JACOPN000000000.1	reference genome	2763047	2763047	Flintibacter faecis	strain=BX5	na	latest	Contig	Major	Full	2020-08-24	ASM1428787v1	WFCC-MRCEN World Data Centre for Microoganisms(WDCM)	GCA_014287875.1	identical	https://ftp.ncbi.nlm.nih.gov/genomes/all/GCF/014/287/875/GCF_014287875.1_ASM1428787v1	na	assembly from type material	na        	haploid	bacteria	2849896	2849896	58.5	0	42	42	NCBI RefSeq	GCF_014287875.1-RS_2024_07_15	2024-07-15	2800	2670	73	na	Bacteria	Bacillati	Bacillota	Clostridia	Eubacteriales		Flintibacter				Eubacteriales incertae sedis											
GCF_014287965.1	PRJNA224116	SAMN15808688	JACOPO000000000.1	reference genome	2763048	2763048	Flintibacter hominis	strain=New-19	na	latest	Contig	Major	Full	2020-08-24	ASM1428796v1	WFCC-MRCEN World Data Centre for Microoganisms(WDCM)	GCA_014287965.1	identical	https://ftp.ncbi.nlm.nih.gov/genomes/all/GCF/014/287/965/GCF_014287965.1_ASM1428796v1	na	assembly from type material	na        	haploid	bacteria	2728146	2728146	56.0	0	34	34	NCBI RefSeq	GCF_014287965.1-RS_2024_07_15	2024-07-15	2779	2670	60	na	Bacteria	Bacillati	Bacillota	Clostridia	Eubacteriales		Flintibacter				Eubacteriales incertae sedis											
GCF_014982805.1	PRJNA224116	SAMN16401885	JADCKC000000000.1	reference genome	2779354	2779354	Gemmiger gallinarum	strain=DSM 109015	na	latest	Contig	Major	Full	2020-10-25	ASM1498280v1	UniKlinik RWTH Aachen	GCA_014982805.1	identical	https://ftp.ncbi.nlm.nih.gov/genomes/all/GCF/014/982/805/GCF_014982805.1_ASM1498280v1	na	assembly from type material	na        	haploid	bacteria	2955389	2955389	59.0	0	15	15	NCBI RefSeq	NCBI Prokaryotic Genome Annotation Pipeline (PGAP)	2024-01-30	2751	2646	66	na	Bacteria	Bacillati	Bacillota	Clostridia	Eubacteriales		Gemmiger				Eubacteriales incertae sedis											
GCF_018200315.1	PRJNA224116	SAMN16521157	JADFUB000000000.1	reference genome	2782547	2782547	Candidatus Shikimatogenerans silvanidophilus	strain=JKI-2014	na	latest	Contig	Major	Full	2021-04-29	ASM1820031v1	Johannes Gutenberg University Mainz	GCA_018200315.1	identical	https://ftp.ncbi.nlm.nih.gov/genomes/all/GCF/018/200/315/GCF_018200315.1_ASM1820031v1	na	na	na        	haploid	bacteria	307680	307680	16.0	0	13	13	NCBI RefSeq	GCF_018200315.1-RS_2024_06_17	2024-06-17	333	294	33	33976379	Bacteria	Pseudomonadati	Bacteroidota	Flavobacteriia	Flavobacteriales		Candidatus Shikimatogenerans			Bacteroidota/Chlorobiota group	Flavobacteriales incertae sedis											
GCF_018420025.1	PRJNA224116	SAMN16772925	JAEDAM000000000.1	reference genome	2789015	2789015	Candidatus Vampirococcus lugosii	na	Chiprana	latest	Contig	Major	Full	2021-05-20	ASM1842002v1	universite paris-sud/paris-saclay	GCA_018420025.1	identical	https://ftp.ncbi.nlm.nih.gov/genomes/all/GCF/018/420/025/GCF_018420025.1_ASM1842002v1	na	na	na        	haploid	bacteria	1255885	1255885	21.5	0	102	102	NCBI RefSeq	GCF_018420025.1-RS_2024_08_06	2024-08-06	1151	1075	43	33911080	Bacteria		Candidatus Absconditibacteriota				Vampirococcus			Bacteria candidate phyla	Bacteria incertae sedis											
GCF_016097415.1	PRJNA224116	SAMN16968445	JAEHGE000000000.1	reference genome	2794934	2794934	sulfur-oxidizing endosymbiont of Gigantopelta aegis	strain=Gae_SOB	na	latest	Scaffold	Major	Full	2020-12-16	ASM1609741v1	Hong Kong University of Science and Technology	GCA_016097415.1	identical	https://ftp.ncbi.nlm.nih.gov/genomes/all/GCF/016/097/415/GCF_016097415.1_ASM1609741v1	na	na	na        	haploid	bacteria	4910116	4876637	40.0	0	11	11	NCBI RefSeq	GCF_016097415.1-RS_2024_05_05	2024-05-05	5287	4830	64	na	Bacteria										unclassified Bacteria											
GCF_016097405.1	PRJNA224116	SAMN16968446	JAEHGD000000000.1	reference genome	2794938	2794938	methane-oxidizing endosymbiont of Gigantopelta aegis	strain=Gae_MOB	na	latest	Scaffold	Major	Full	2020-12-16	ASM1609740v1	Hong Kong University of Science and Technology	GCA_016097405.1	identical	https://ftp.ncbi.nlm.nih.gov/genomes/all/GCF/016/097/405/GCF_016097405.1_ASM1609740v1	na	na	na        	haploid	bacteria	2931369	2884010	45.5	0	10	10	NCBI RefSeq	GCF_016097405.1-RS_2024_04_30	2024-04-30	3027	2723	54	na	Bacteria	Pseudomonadati	Pseudomonadota	Gammaproteobacteria							unclassified Gammaproteobacteria											
GCF_017347585.1	PRJNA224116	SAMD00277512	na	reference genome	2806205	2806205	Caldicellulosiruptor diazotrophicus	strain=YA01	na	latest	Complete Genome	Major	Full	2021-02-13	ASM1734758v1	Tokyo Metropolitan University	GCA_017347585.1	identical	https://ftp.ncbi.nlm.nih.gov/genomes/all/GCF/017/347/585/GCF_017347585.1_ASM1734758v1	na	assembly from type material	na        	haploid	bacteria	2597825	2597825	35.0	3	3	3	NCBI RefSeq	NCBI Prokaryotic Genome Annotation Pipeline (PGAP)	2024-02-25	2456	2353	59	34542397	Bacteria	Bacillati	Bacillota		Caldicellulosiruptorales	Caldicellulosiruptoraceae	Caldicellulosiruptor				Bacillota incertae sedis											
GCF_943169635.2	PRJNA224116	SAMEA8117584	na	reference genome	2811778	2811778	Fenollaria sporofastidiosus	strain=EMRHCC_24	na	latest	Complete Genome	Major	Full	2022-05-24	ASM94316963v2	norwich medical school, university of east anglia, uk	GCA_943169635.2	identical	https://ftp.ncbi.nlm.nih.gov/genomes/all/GCF/943/169/635/GCF_943169635.2_ASM94316963v2	na	assembly from type material	na        	haploid	bacteria	1630063	1630063	36.5	1	1	1	NCBI RefSeq	GCF_943169635.2-RS_2024_09_11	2024-09-11	1644	1538	64	na	Bacteria	Bacillati	Bacillota	Clostridia	Eubacteriales		Fenollaria				Eubacteriales incertae sedis											
GCF_030158815.1	PRJNA224116	SAMD00283241	BPFZ00000000.1	reference genome	2815099	2815099	Candidatus Phycosocius spiralis	strain=BOTRYCO-1	na	latest	Scaffold	Major	Full	2023-03-15	ASM3015881v1	National Institute for Environmental Studies	GCA_030158815.1	identical	https://ftp.ncbi.nlm.nih.gov/genomes/all/GCF/030/158/815/GCF_030158815.1_ASM3015881v1	na	na	na        	haploid	bacteria	2502038	2501880	51.0	0	48	48	NCBI RefSeq	GCF_030158815.1-RS_2024_03_31	2024-03-31	2362	2278	46	36906708	Bacteria	Pseudomonadati	Pseudomonadota	Alphaproteobacteria	Caulobacterales		Candidatus Phycosocius				Caulobacterales incertae sedis											
GCF_017569225.1	PRJNA224116	SAMN18310373	na	reference genome	2819238	2819238	Pengzhenrongella sicca	strain=LRZ-2	na	latest	Complete Genome	Major	Full	2021-03-23	ASM1756922v1	CCTCC	GCA_017569225.1	identical	https://ftp.ncbi.nlm.nih.gov/genomes/all/GCF/017/569/225/GCF_017569225.1_ASM1756922v1	na	assembly from type material	na        	haploid	bacteria	4395128	4395128	72.5	1	1	1	NCBI RefSeq	NCBI Prokaryotic Genome Annotation Pipeline (PGAP)	2023-11-22	4021	3930	57	na	Bacteria	Bacillati	Actinomycetota	Actinomycetes	Micrococcales		Pengzhenrongella				Micrococcales incertae sedis											
GCF_028435365.1	PRJNA224116	SAMN18825274	JAGTJJ000000000.1	reference genome	2829994	2829994	Polyangium jinanense	strain=SDU14	na	latest	Scaffold	Major	Full	2023-02-02	ASM2843536v1	Shandong University	GCA_028435365.1	identical	https://ftp.ncbi.nlm.nih.gov/genomes/all/GCF/028/435/365/GCF_028435365.1_ASM2843536v1	na	assembly from type material	na        	haploid	bacteria	13810691	13810621	68.5	0	127	127	NCBI RefSeq	GCF_028435365.1-RS_2024_08_29	2024-08-29	10975	10820	92	na	Bacteria	Pseudomonadati	Myxococcota		Polyangiales	Polyangiaceae	Polyangium		Polyangia													
GCF_018866205.1	PRJNA224116	SAMN19375774	na	reference genome	2841264	2841264	Candidatus Minimicrobia vallesae	na	IHU2	latest	Complete Genome	Major	Full	2021-06-14	ASM1886620v1	IHU-Mediterranee Infection	GCA_018866205.1	identical	https://ftp.ncbi.nlm.nih.gov/genomes/all/GCF/018/866/205/GCF_018866205.1_ASM1886620v1	na	na	na        	haploid	bacteria	706973	706973	43.5	1	1	1	NCBI RefSeq	GCF_018866205.1-RS_2024_09_29	2024-09-29	1029	923	45	na	Bacteria		Candidatus Saccharibacteria				Candidatus Minimicrobia			Bacteria candidate phyla	Candidatus Saccharibacteria incertae sedis											
GCF_025154035.1	PRJNA224116	SAMN30451249	JAOALJ000000000.1	reference genome	2851012	2851012	Sedimentimonas flavescens	strain=CAU 1646	na	latest	Scaffold	Major	Full	2022-09-12	ASM2515403v1	Chung-Ang University	GCA_025154035.1	identical	https://ftp.ncbi.nlm.nih.gov/genomes/all/GCF/025/154/035/GCF_025154035.1_ASM2515403v1	na	na	na        	haploid	bacteria	3082363	3082263	64.5	0	17	17	NCBI RefSeq	GCF_025154035.1-RS_2024_09_24	2024-09-24	3048	2980	55	na	Bacteria	Pseudomonadati	Pseudomonadota	Alphaproteobacteria	Rhodobacterales		Sedimentimonas				Rhodobacter group											
GCF_019711555.1	PRJNA224116	SAMN20702952	JAIGNQ000000000.1	reference genome	2867242	2867242	Qipengyuania aerophila	strain=GH25	na	latest	Contig	Major	Full	2021-08-22	ASM1971155v1	Guangdong Academy of Sciences	GCA_019711555.1	identical	https://ftp.ncbi.nlm.nih.gov/genomes/all/GCF/019/711/555/GCF_019711555.1_ASM1971155v1	na	assembly from type material	na        	haploid	bacteria	3168876	3168876	60.5	0	7	7	NCBI RefSeq	GCF_019711555.1-RS_2024_05_11	2024-05-11	3065	2997	58	na																						
GCF_020149915.1	PRJNA224116	SAMN21419193	na	reference genome	2875962	2875962	Candidatus Sulfidibacterium hydrothermale	na	EPR1	latest	Complete Genome	Major	Full	2021-09-26	ASM2014991v1	Shanghai Jiao Tong University	GCA_020149915.1	identical	https://ftp.ncbi.nlm.nih.gov/genomes/all/GCF/020/149/915/GCF_020149915.1_ASM2014991v1	na	na	na        	haploid	bacteria	3266086	3266086	42.0	1	1	1	NCBI RefSeq	GCF_020149915.1-RS_2024_10_23	2024-10-23	2685	2621	55	na	Bacteria	Pseudomonadati	Bacteroidota		Candidatus Sulfidibacteriales		Candidatus Sulfidibacterium			Bacteroidota/Chlorobiota group	Bacteroidota incertae sedis											
GCF_943192995.1	PRJNA224116	SAMEA14418546	CALPCP000000000.1	reference genome	2941327	2941327	Flintibacter muris	strain=DSM 110149	na	latest	Contig	Major	Full	2022-06-10	Flintibacter_sp_nov_DSM110149	RWTH Aachen University Hospital	GCA_943192995.1	identical	https://ftp.ncbi.nlm.nih.gov/genomes/all/GCF/943/192/995/GCF_943192995.1_Flintibacter_sp_nov_DSM110149	na	assembly from type material	na        	haploid	bacteria	4522258	4522258	56.0	0	126	126	NCBI RefSeq	GCF_943192995.1-RS_2024_04_01	2024-04-01	4748	4513	72	na	Bacteria	Bacillati	Bacillota	Clostridia	Eubacteriales		Flintibacter				Eubacteriales incertae sedis											
GCF_036625285.1	PRJNA224116	SAMN38069408	JAZKUC000000000.1	reference genome	2954381	2954381	Candidatus Accumulibacter contiguus	na	UW17	latest	Contig	Major	Full	2024-02-14	ASM3662528v1	University of Wisconsin-Madison	GCA_036625285.1	identical	https://ftp.ncbi.nlm.nih.gov/genomes/all/GCF/036/625/285/GCF_036625285.1_ASM3662528v1	derived from metagenome	na	na        	haploid	bacteria	5500985	5500985	61.5	0	3	3	NCBI RefSeq	NCBI Prokaryotic Genome Annotation Pipeline (PGAP)	2024-02-16	5203	4865	57	na	Bacteria	Pseudomonadati	Pseudomonadota	Betaproteobacteria			Candidatus Accumulibacter				Betaproteobacteria incertae sedis											
GCF_025567445.1	PRJNA224116	SAMN30962702	JAOQKK000000000.1	reference genome	2981623	2981623	Suonthocola fibrivorans	strain=Sanger_33	na	latest	Scaffold	Major	Full	2022-10-04	ASM2556744v1	UniKlinik RWTH Aachen	GCA_025567445.1	identical	https://ftp.ncbi.nlm.nih.gov/genomes/all/GCF/025/567/445/GCF_025567445.1_ASM2556744v1	na	assembly from type material	na        	haploid	bacteria	5880143	5871594	49.0	0	121	121	NCBI RefSeq	NCBI Prokaryotic Genome Annotation Pipeline (PGAP)	2024-02-29	5113	5001	71	na																						
GCF_025567085.1	PRJNA224116	SAMN30962679	JAOQJN000000000.1	reference genome	2981720	2981720	Bovifimicola ammoniilytica	strain=Sanger_97	na	latest	Scaffold	Major	Full	2022-10-04	ASM2556708v1	UniKlinik RWTH Aachen	GCA_025567085.1	identical	https://ftp.ncbi.nlm.nih.gov/genomes/all/GCF/025/567/085/GCF_025567085.1_ASM2556708v1	na	assembly from type material	na        	haploid	bacteria	3027291	3025029	34.0	0	26	26	NCBI RefSeq	GCF_025567085.1-RS_2024_10_25	2024-10-25	2787	2682	56	na	Bacteria	Bacillati	Bacillota	Clostridia	Eubacteriales		Bovifimicola				Eubacteriales incertae sedis											
GCF_025567305.1	PRJNA224116	SAMN30962681	JAOQJP000000000.1	reference genome	2981721	2981721	Brotomerdimonas butyrica	strain=Sanger_12	na	latest	Scaffold	Major	Full	2022-10-04	ASM2556730v1	UniKlinik RWTH Aachen	GCA_025567305.1	identical	https://ftp.ncbi.nlm.nih.gov/genomes/all/GCF/025/567/305/GCF_025567305.1_ASM2556730v1	na	assembly from type material	na        	haploid	bacteria	2648172	2646769	48.0	0	29	29	NCBI RefSeq	GCF_025567305.1-RS_2024_10_25	2024-10-25	2397	2310	54	na	Bacteria	Bacillati	Bacillota	Clostridia	Eubacteriales		Brotomerdimonas				Eubacteriales incertae sedis											
GCF_028368995.1	PRJNA224116	SAMN31713174	JAQNDL000000000.1	reference genome	2995303	2995303	Nannocystis bainbridge	strain=BB15-2	na	latest	Contig	Major	Full	2023-01-31	ASM2836899v1	University of Mississippi	GCA_028368995.1	identical	https://ftp.ncbi.nlm.nih.gov/genomes/all/GCF/028/368/995/GCF_028368995.1_ASM2836899v1	na	assembly from type material	na        	haploid	bacteria	11048555	11048555	71.5	0	5	5	NCBI RefSeq	GCF_028368995.1-RS_2024_09_03	2024-09-03	8670	8528	91	na	Bacteria	Pseudomonadati	Myxococcota		Nannocystales	Nannocystaceae	Nannocystis		Polyangia													
GCF_026965555.1	PRJNA224116	SAMN31713170	na	reference genome	2995304	2995304	Nannocystis poenicansa	strain=FL3	na	latest	Complete Genome	Major	Full	2022-12-17	ASM2696555v1	University of Mississippi	GCA_026965555.1	identical	https://ftp.ncbi.nlm.nih.gov/genomes/all/GCF/026/965/555/GCF_026965555.1_ASM2696555v1	na	assembly from type material	na        	haploid	bacteria	13228663	13228663	71.5	1	1	1	NCBI RefSeq	GCF_026965555.1-RS_2024_08_26	2024-08-26	10229	10068	100	na	Bacteria	Pseudomonadati	Myxococcota		Nannocystales	Nannocystaceae	Nannocystis		Polyangia													
GCF_028369095.1	PRJNA224116	SAMN31713172	JAQNDN000000000.1	reference genome	2995305	2995305	Nannocystis radixulma	strain=NCELM	na	latest	Contig	Major	Full	2023-01-31	ASM2836909v1	University of Mississippi	GCA_028369095.1	identical	https://ftp.ncbi.nlm.nih.gov/genomes/all/GCF/028/369/095/GCF_028369095.1_ASM2836909v1	na	assembly from type material	na        	haploid	bacteria	12940226	12940226	71.0	0	29	29	NCBI RefSeq	GCF_028369095.1-RS_2024_09_03	2024-09-03	10162	9994	103	na	Bacteria	Pseudomonadati	Myxococcota		Nannocystales	Nannocystaceae	Nannocystis		Polyangia													
GCF_028369105.1	PRJNA224116	SAMN31713171	JAQNDO000000000.1	reference genome	2995306	2995306	Polyangium mundeleinium	strain=RJM3	na	latest	Contig	Major	Full	2023-01-31	ASM2836910v1	University of Mississippi	GCA_028369105.1	identical	https://ftp.ncbi.nlm.nih.gov/genomes/all/GCF/028/369/105/GCF_028369105.1_ASM2836910v1	na	assembly from type material	na        	haploid	bacteria	13254631	13254631	68.5	0	2	2	NCBI RefSeq	GCF_028369105.1-RS_2024_09_03	2024-09-03	10542	10351	92	na	Bacteria	Pseudomonadati	Myxococcota		Polyangiales	Polyangiaceae	Polyangium		Polyangia													
GCF_028368935.1	PRJNA224116	SAMN31713175	JAQNDK000000000.1	reference genome	2995308	2995308	Sorangium aterium	strain=WIWO2	na	latest	Contig	Major	Full	2023-01-31	ASM2836893v1	University of Mississippi	GCA_028368935.1	identical	https://ftp.ncbi.nlm.nih.gov/genomes/all/GCF/028/368/935/GCF_028368935.1_ASM2836893v1	na	assembly from type material	na        	haploid	bacteria	13472481	13472481	71.0	0	7	7	NCBI RefSeq	GCF_028368935.1-RS_2024_09_03	2024-09-03	10079	9858	80	na	Bacteria	Pseudomonadati	Myxococcota		Polyangiales	Polyangiaceae	Sorangium		Polyangia													
GCF_027689445.1	PRJNA224116	SAMN31809879	JAQFEN000000000.1	reference genome	2997294	2997294	Gemmiger qucibialis	strain=TM11-21A	na	latest	Scaffold	Major	Full	2023-01-12	ASM2768944v1	BGI-Shenzhen	GCA_027689445.1	identical	https://ftp.ncbi.nlm.nih.gov/genomes/all/GCF/027/689/445/GCF_027689445.1_ASM2768944v1	na	na	na        	haploid	bacteria	3494751	3494493	55.0	0	29	29	NCBI RefSeq	NCBI Prokaryotic Genome Annotation Pipeline (PGAP)	2024-02-23	3158	3053	65	na	Bacteria	Bacillati	Bacillota	Clostridia	Eubacteriales		Gemmiger				Eubacteriales incertae sedis											
GCF_029919255.1	PRJNA224116	SAMN33745866	na	reference genome	3034674	3034674	cyanobacterium endosymbiont of Epithemia clementina EcSB	strain=EcSB	Gazos Creek	latest	Complete Genome	Major	Full	2023-05-02	ASM2991925v1	Stanford University	GCA_029919255.1	identical	https://ftp.ncbi.nlm.nih.gov/genomes/all/GCF/029/919/255/GCF_029919255.1_ASM2991925v1	na	na	na        	haploid	bacteria	3072807	3072807	34.5	1	1	1	NCBI RefSeq	GCF_029919255.1-RS_2024_05_01	2024-05-01	2052	1928	49	38707843	Bacteria	Bacillati	Cyanobacteriota							Cyanobacteriota/Melainabacteria group	unclassified Cyanobacteriota											
GCF_036327005.1	PRJNA224116	SAMN36016365	JAUGZK000000000.1	reference genome	3057676	3057676	Alkalimonas mucilaginosa	strain=MEB004	na	latest	Contig	Major	Full	2024-02-01	ASM3632700v1	National Centre For Cell Science (NCCS)	GCA_036327005.1	identical	https://ftp.ncbi.nlm.nih.gov/genomes/all/GCF/036/327/005/GCF_036327005.1_ASM3632700v1	na	assembly from type material	na        	haploid	bacteria	3858702	3858702	51.5	0	69	69	NCBI RefSeq	NCBI Prokaryotic Genome Annotation Pipeline (PGAP)	2024-02-02	3634	3529	75	na	Bacteria	Pseudomonadati	Pseudomonadota	Gammaproteobacteria			Alkalimonas				Gammaproteobacteria incertae sedis											
GCF_036325985.1	PRJNA224116	SAMN36084925	JAUHLI000000000.1	reference genome	3058395	3058395	Alkalimonas cellulosilytica	strain=MEB108	na	latest	Contig	Major	Full	2024-02-01	ASM3632598v1	National Centre For Cell Science (NCCS)	GCA_036325985.1	identical	https://ftp.ncbi.nlm.nih.gov/genomes/all/GCF/036/325/985/GCF_036325985.1_ASM3632598v1	na	assembly from type material	na        	haploid	bacteria	4029814	4029814	52.0	0	83	83	NCBI RefSeq	NCBI Prokaryotic Genome Annotation Pipeline (PGAP)	2024-02-02	3729	3625	73	na	Bacteria	Pseudomonadati	Pseudomonadota	Gammaproteobacteria			Alkalimonas				Gammaproteobacteria incertae sedis											
GCF_033097505.1	PRJNA224116	SAMD00634895	na	reference genome	3065157	3065157	Helicovermis profundi	strain=S502	na	latest	Complete Genome	Major	Full	2023-08-05	ASM3309750v1	Kyoto University	GCA_033097505.1	identical	https://ftp.ncbi.nlm.nih.gov/genomes/all/GCF/033/097/505/GCF_033097505.1_ASM3309750v1	na	assembly from type material	na        	haploid	bacteria	3122901	3122901	28.0	1	1	1	NCBI RefSeq	GCF_033097505.1-RS_2024_04_05	2024-04-05	2849	2746	77	na	Bacteria	Bacillati	Bacillota	Clostridia			Helicovermis				Clostridia incertae sedis											
GCF_964030875.1	PRJNA224116	SAMEA114457940	na	reference genome	3066219	3066219	Candidatus Walczuchella endosymbiont of Icerya purchasi	na	54819	latest	Complete Genome	Major	Full	2024-04-25	ihIcePurc2.Walczuchella_sp_1.1	WELLCOME SANGER INSTITUTE, Tree of Life, Wellcome Genome Campus, Hinxton CB10 1SA, United Kingdom	GCA_964030875.1	identical	https://ftp.ncbi.nlm.nih.gov/genomes/all/GCF/964/030/875/GCF_964030875.1_ihIcePurc2.Walczuchella_sp_1.1	na	na	na        	haploid	bacteria	288648	288648	32.5	1	1	1	NCBI RefSeq	GCF_964030875.1-RS_2024_04_25	2024-04-25	300	248	39	na	Bacteria	Pseudomonadati	Bacteroidota	Flavobacteriia	Flavobacteriales		Candidatus Walczuchella			Bacteroidota/Chlorobiota group	unclassified Candidatus Walczuchella											
GCF_964031065.1	PRJNA224116	SAMEA115290508	na	reference genome	3077944	3077944	Alphaproteobacteria bacterium endosymbiont of Tiliacea citrago	na	505fd183-51c7-4e82-941a-c68b91ba9cc6	latest	Complete Genome	Major	Full	2024-04-25	ilTilCitr1.Alphaproteobacteria_sp_1.1	WELLCOME SANGER INSTITUTE, Tree of Life, Wellcome Genome Campus, Hinxton CB10 1SA, United Kingdom	GCA_964031065.1	identical	https://ftp.ncbi.nlm.nih.gov/genomes/all/GCF/964/031/065/GCF_964031065.1_ilTilCitr1.Alphaproteobacteria_sp_1.1	na	na	na        	haploid	bacteria	523818	523818	27.5	1	1	1	NCBI RefSeq	GCF_964031065.1-RS_2024_04_25	2024-04-25	570	525	45	na	Bacteria	Pseudomonadati	Pseudomonadota	Alphaproteobacteria							unclassified Alphaproteobacteria											
GCF_964026585.1	PRJNA224116	SAMEA115290509	na	reference genome	3077946	3077946	Candidatus Endowatersipora endosymbiont of Watersipora subatra	na	43b74ebf-e130-4f44-8535-63889c67b80b	latest	Complete Genome	Major	Full	2024-04-20	tzWatSuba1.Endowatersipora_sp_1.1	WELLCOME SANGER INSTITUTE, Tree of Life, Wellcome Genome Campus, Hinxton CB10 1SA, United Kingdom	GCA_964026585.1	identical	https://ftp.ncbi.nlm.nih.gov/genomes/all/GCF/964/026/585/GCF_964026585.1_tzWatSuba1.Endowatersipora_sp_1.1	na	na	na        	haploid	bacteria	905990	905990	39.0	1	1	1	NCBI RefSeq	GCF_964026585.1-RS_2024_04_19	2024-04-19	823	767	43	na	Bacteria	Pseudomonadati	Pseudomonadota	Alphaproteobacteria	Hyphomicrobiales		Candidatus Endowatersipora				unclassified Candidatus Endowatersipora											
GCF_033898525.1	PRJNA224116	SAMN38126949	JAXAFJ000000000.1	reference genome	3092662	3092662	Terrihabitans rhizophilus	strain=PJ23	na	latest	Contig	Major	Full	2023-11-22	ASM3389852v1	Inner Mongolia Agricultural University	GCA_033898525.1	identical	https://ftp.ncbi.nlm.nih.gov/genomes/all/GCF/033/898/525/GCF_033898525.1_ASM3389852v1	na	assembly from type material	na        	haploid	bacteria	3413532	3413532	65.0	0	22	22	NCBI RefSeq	GCF_033898525.1-RS_2024_04_21	2024-04-21	3311	3230	54	na	Bacteria	Pseudomonadati	Pseudomonadota	Alphaproteobacteria	Hyphomicrobiales		Terrihabitans				Hyphomicrobiales incertae sedis											
GCF_034661195.1	PRJNA224116	SAMN38505499	JAXKQK000000000.1	reference genome	3103097	3103097	Providencia xianensis	strain=23021821	na	latest	Contig	Major	Full	2023-12-26	ASM3466119v1	The First Affiliated Hospital, Zhejiang University School of Medicine	GCA_034661195.1	identical	https://ftp.ncbi.nlm.nih.gov/genomes/all/GCF/034/661/195/GCF_034661195.1_ASM3466119v1	na	assembly from type material	na        	haploid	bacteria	4880024	4880024	40.5	0	175	175	NCBI RefSeq	NCBI Prokaryotic Genome Annotation Pipeline (PGAP)	2024-01-06	4637	4437	100	na																						
GCF_040096075.1	PRJNA224116	SAMN40466816	JBBMFJ000000000.1	reference genome	3133170	3133170	Ventrimonas faecis	strain=CLA-AP-H27	na	latest	Contig	Major	Full	2024-06-07	ASM4009607v1	RWTH Aachen University Hospital	GCA_040096075.1	identical	https://ftp.ncbi.nlm.nih.gov/genomes/all/GCF/040/096/075/GCF_040096075.1_ASM4009607v1	na	assembly from type material	na        	haploid	bacteria	3412605	3412605	49.5	0	83	83	NCBI RefSeq	GCF_040096075.1-RS_2024_07_07	2024-07-07	3187	3054	69	na	Bacteria	Bacillati	Bacillota	Clostridia	Eubacteriales		Ventrimonas				Eubacteriales incertae sedis											
GCF_030167915.1	PRJNA224116	SAMN33693482	JARGNB000000000.1	reference genome	3237377	3237377	Aquabacterium humicola	strain=RJY3	na	latest	Scaffold	Major	Full	2023-06-05	ASM3016791v1	Sangji University	GCA_030167915.1	identical	https://ftp.ncbi.nlm.nih.gov/genomes/all/GCF/030/167/915/GCF_030167915.1_ASM3016791v1	na	assembly from type material	na        	haploid	bacteria	7386564	7386374	70.5	0	44	44	NCBI RefSeq	GCF_030167915.1-RS_2024_08_12	2024-08-12	6660	6500	80	na	Bacteria	Pseudomonadati	Pseudomonadota	Betaproteobacteria	Burkholderiales		Aquabacterium				Burkholderiales genera incertae sedis											
