{"learner":{"attributes":{"best_iteration":"9","best_ntree_limit":"10"},"feature_names":[],"feature_types":[],"gradient_booster":{"model":{"gbtree_model_param":{"num_parallel_tree":"1","num_trees":"20","size_leaf_vector":"0"},"tree_info":[0,1,0,1,0,1,0,1,0,1,0,1,0,1,0,1,0,1,0,1],"trees":[{"base_weights":[-6.6445184E-1,-9.841584E-1,9.7979796E-1,-0E0,-9.95992E-1,6E-1,-6E-1],"categories":[],"categories_nodes":[],"categories_segments":[],"categories_sizes":[],"default_left":[1,1,0,1,0,0,0],"id":0,"left_children":[1,3,-1,5,-1,-1,-1],"loss_changes":[1.5919319E2,2.9406433E0,0E0,1.8E0,0E0,0E0,0E0],"parents":[2147483647,0,0,1,1,3,3],"right_children":[2,4,-1,6,-1,-1,-1],"split_conditions":[1.065E2,6.75E1,2.939394E-1,8.35E1,-2.987976E-1,1.8E-1,-1.8E-1],"split_indices":[1202,310,0,10,0,0,0],"split_type":[0,0,0,0,0,0,0],"sum_hessian":[3E2,2.515E2,4.85E1,3E0,2.485E2,1.5E0,1.5E0],"tree_param":{"num_deleted":"0","num_feature":"3333","num_nodes":"7","size_leaf_vector":"0"}},{"base_weights":[6.6445184E-1,9.841584E-1,-9.7979796E-1,-0E0,9.95992E-1,-6E-1,6E-1],"categories":[],"categories_nodes":[],"categories_segments":[],"categories_sizes":[],"default_left":[1,1,0,1,0,0,0],"id":1,"left_children":[1,3,-1,5,-1,-1,-1],"loss_changes":[1.5919319E2,2.9406433E0,0E0,1.8E0,0E0,0E0,0E0],"parents":[2147483647,0,0,1,1,3,3],"right_children":[2,4,-1,6,-1,-1,-1],"split_conditions":[1.065E2,6.75E1,-2.939394E-1,8.35E1,2.987976E-1,-1.8E-1,1.8E-1],"split_indices":[1202,310,0,10,0,0,0],"split_type":[0,0,0,0,0,0,0],"sum_hessian":[3E2,2.515E2,4.85E1,3E0,2.485E2,1.5E0,1.5E0],"tree_param":{"num_deleted":"0","num_feature":"3333","num_nodes":"7","size_leaf_vector":"0"}},{"base_weights":[-5.1352817E-1,-7.619915E-1,7.606736E-1,-7.7214533E-1,4.3960314E-2,5.02717E-1,-4.4853923E-1],"categories":[],"categories_nodes":[],"categories_segments":[],"categories_sizes":[],"default_left":[1,1,0,0,1,0,0],"id":2,"left_children":[1,3,-1,-1,5,-1,-1],"loss_changes":[8.796391E1,1.9282227E0,0E0,0E0,1.0899469E0,0E0,0E0],"parents":[2147483647,0,0,1,1,4,4],"right_children":[2,4,-1,-1,6,-1,-1],"split_conditions":[1.065E2,9.35E1,2.2820209E-1,-2.316436E-1,7.7E1,1.5081511E-1,-1.3456178E-1],"split_indices":[1202,1200,0,0,10,0,0],"split_type":[0,0,0,0,0,0,0],"sum_hessian":[2.7501514E2,2.3047548E2,4.4539646E1,2.2764938E2,2.8260965E0,1.4524307E0,1.3736657E0],"tree_param":{"num_deleted":"0","num_feature":"3333","num_nodes":"7","size_leaf_vector":"0"}},{"base_weights":[5.1352817E-1,7.6199156E-1,-7.6067364E-1,7.7214533E-1,-4.3960366E-2,-5.02717E-1,4.4853923E-1],"categories":[],"categories_nodes":[],"categories_segments":[],"categories_sizes":[],"default_left":[1,1,0,0,1,0,0],"id":3,"left_children":[1,3,-1,-1,5,-1,-1],"loss_changes":[8.796393E1,1.9282227E0,0E0,0E0,1.0899469E0,0E0,0E0],"parents":[2147483647,0,0,1,1,4,4],"right_children":[2,4,-1,-1,6,-1,-1],"split_conditions":[1.065E2,9.35E1,-2.282021E-1,2.316436E-1,7.7E1,-1.5081511E-1,1.3456178E-1],"split_indices":[1202,1200,0,0,10,0,0],"split_type":[0,0,0,0,0,0,0],"sum_hessian":[2.750151E2,2.3047545E2,4.4539646E1,2.2764935E2,2.8260963E0,1.4524307E0,1.3736656E0],"tree_param":{"num_deleted":"0","num_feature":"3333","num_nodes":"7","size_leaf_vector":"0"}},{"base_weights":[-4.4406584E-1,-6.601849E-1,6.5834826E-1,-6.698603E-1,3.7058063E-2,4.3505317E-1,-3.9455688E-1],"categories":[],"categories_nodes":[],"categories_segments":[],"categories_sizes":[],"default_left":[1,1,0,0,1,0,0],"id":4,"left_children":[1,3,-1,-1,5,-1,-1],"loss_changes":[5.545965E1,1.3308411E0,0E0,0E0,7.895941E-1,0E0,0E0],"parents":[2147483647,0,0,1,1,4,4],"right_children":[2,4,-1,-1,6,-1,-1],"split_conditions":[1.065E2,9.35E1,1.9750449E-1,-2.009581E-1,7.7E1,1.3051596E-1,-1.1836707E-1],"split_indices":[1202,1200,0,0,10,0,0],"split_type":[0,0,0,0,0,0,0],"sum_hessian":[2.2995227E2,1.9259648E2,3.735579E1,1.8999922E2,2.5972674E0,1.3471162E0,1.250151E0],"tree_param":{"num_deleted":"0","num_feature":"3333","num_nodes":"7","size_leaf_vector":"0"}},{"base_weights":[4.440658E-1,6.601849E-1,-6.583484E-1,6.698603E-1,-3.7058085E-2,-4.350532E-1,3.9455688E-1],"categories":[],"categories_nodes":[],"categories_segments":[],"categories_sizes":[],"default_left":[1,1,0,0,1,0,0],"id":5,"left_children":[1,3,-1,-1,5,-1,-1],"loss_changes":[5.545966E1,1.3308411E0,0E0,0E0,7.895942E-1,0E0,0E0],"parents":[2147483647,0,0,1,1,4,4],"right_children":[2,4,-1,-1,6,-1,-1],"split_conditions":[1.065E2,9.35E1,-1.9750452E-1,2.009581E-1,7.7E1,-1.3051596E-1,1.1836707E-1],"split_indices":[1202,1200,0,0,10,0,0],"split_type":[0,0,0,0,0,0,0],"sum_hessian":[2.2995227E2,1.9259648E2,3.735579E1,1.8999922E2,2.5972674E0,1.3471162E0,1.250151E0],"tree_param":{"num_deleted":"0","num_feature":"3333","num_nodes":"7","size_leaf_vector":"0"}},{"base_weights":[-4.040806E-1,-6.0205966E-1,5.986301E-1,5.258987E-2,-6.1213535E-1,3.8414827E-1,-3.3175835E-1],"categories":[],"categories_nodes":[],"categories_segments":[],"categories_sizes":[],"default_left":[1,1,0,1,0,0,0],"id":6,"left_children":[1,3,-1,5,-1,-1,-1],"loss_changes":[3.714538E1,1.0561943E0,0E0,5.4466784E-1,0E0,0E0,0E0],"parents":[2147483647,0,0,1,1,3,3],"right_children":[2,4,-1,6,-1,-1,-1],"split_conditions":[1.065E2,6.75E1,1.7958903E-1,8.35E1,-1.8364061E-1,1.15244485E-1,-9.952751E-2],"split_indices":[1202,310,0,10,0,0,0],"split_type":[0,0,0,0,0,0,0],"sum_hessian":[1.8430002E2,1.5424489E2,3.0055136E1,2.2740388E0,1.5197084E2,1.2211406E0,1.0528982E0],"tree_param":{"num_deleted":"0","num_feature":"3333","num_nodes":"7","size_leaf_vector":"0"}},{"base_weights":[4.0408066E-1,6.020597E-1,-5.986301E-1,-5.2589815E-2,6.121354E-1,-3.8414824E-1,3.3175838E-1],"categories":[],"categories_nodes":[],"categories_segments":[],"categories_sizes":[],"default_left":[1,1,0,1,0,0,0],"id":7,"left_children":[1,3,-1,5,-1,-1,-1],"loss_changes":[3.714538E1,1.0561981E0,0E0,5.4466784E-1,0E0,0E0,0E0],"parents":[2147483647,0,0,1,1,3,3],"right_children":[2,4,-1,6,-1,-1,-1],"split_conditions":[1.065E2,6.75E1,-1.7958903E-1,8.35E1,1.8364063E-1,-1.1524448E-1,9.9527515E-2],"split_indices":[1202,310,0,10,0,0,0],"split_type":[0,0,0,0,0,0,0],"sum_hessian":[1.8430002E2,1.5424489E2,3.0055136E1,2.2740388E0,1.5197084E2,1.2211406E0,1.0528982E0],"tree_param":{"num_deleted":"0","num_feature":"3333","num_nodes":"7","size_leaf_vector":"0"}},{"base_weights":[-3.7810513E-1,-5.6486374E-1,5.591257E-1,-5.7566524E-1,5.298256E-2],"categories":[],"categories_nodes":[],"categories_segments":[],"categories_sizes":[],"default_left":[1,1,0,0,0],"id":8,"left_children":[1,3,-1,-1,-1],"loss_changes":[2.5744585E1,8.4225845E-1,0E0,0E0,0E0],"parents":[2147483647,0,0,1,1],"right_children":[2,4,-1,-1,-1],"split_conditions":[1.065E2,9.35E1,1.6773772E-1,-1.7269957E-1,1.5894769E-2],"split_indices":[1202,1200,0,0,0],"split_type":[0,0,0,0,0],"sum_hessian":[1.4427734E2,1.20635956E2,2.3641386E1,1.1863027E2,2.005683E0],"tree_param":{"num_deleted":"0","num_feature":"3333","num_nodes":"5","size_leaf_vector":"0"}},{"base_weights":[3.781052E-1,5.6486374E-1,-5.5912566E-1,5.7566524E-1,-5.2982565E-2],"categories":[],"categories_nodes":[],"categories_segments":[],"categories_sizes":[],"default_left":[1,1,0,0,0],"id":9,"left_children":[1,3,-1,-1,-1],"loss_changes":[2.5744577E1,8.4225845E-1,0E0,0E0,0E0],"parents":[2147483647,0,0,1,1],"right_children":[2,4,-1,-1,-1],"split_conditions":[1.065E2,9.35E1,-1.6773771E-1,1.7269957E-1,-1.589477E-2],"split_indices":[1202,1200,0,0,0],"split_type":[0,0,0,0,0],"sum_hessian":[1.4427734E2,1.2063597E2,2.364138E1,1.1863029E2,2.0056827E0],"tree_param":{"num_deleted":"0","num_feature":"3333","num_nodes":"5","size_leaf_vector":"0"}},{"base_weights":[-3.589892E-1,-5.378901E-1,5.30301E-1,9.415635E-2,-5.513735E-1],"categories":[],"categories_nodes":[],"categories_segments":[],"categories_sizes":[],"default_left":[1,1,0,0,0],"id":10,"left_children":[1,3,-1,-1,-1],"loss_changes":[1.819749E1,8.549442E-1,0E0,0E0,0E0],"parents":[2147483647,0,0,1,1],"right_children":[2,4,-1,-1,-1],"split_conditions":[1.065E2,6.75E1,1.590903E-1,2.8246906E-2,-1.6541205E-1],