{"learner":{"attributes":{"best_iteration":"9","best_ntree_limit":"10"},"feature_names":[],"feature_types":[],"gradient_booster":{"model":{"gbtree_model_param":{"num_parallel_tree":"1","num_trees":"30","size_leaf_vector":"0"},"tree_info":[0,1,2,0,1,2,0,1,2,0,1,2,0,1,2,0,1,2,0,1,2,0,1,2,0,1,2,0,1,2],"trees":[{"base_weights":[-2.4937661E-1,-7.475971E-1,1.4833127E0],"categories":[],"categories_nodes":[],"categories_segments":[],"categories_sizes":[],"default_left":[1,0,0],"id":0,"left_children":[1,-1,-1],"loss_changes":[3.472767E2,0E0,0E0],"parents":[2147483647,0,0],"right_children":[2,-1,-1],"split_conditions":[1.73E2,-2.2427914E-1,4.4499382E-1],"split_indices":[3,0,0],"split_type":[0,0,0],"sum_hessian":[3.9999997E2,3.1111108E2,8.8888885E1],"tree_param":{"num_deleted":"0","num_feature":"3333","num_nodes":"3","size_leaf_vector":"0"}},{"base_weights":[7.4812967E-1,-7.370157E-1,1.4943867E0,-7.4437976E-1,-2.5544848E-8],"categories":[],"categories_nodes":[],"categories_segments":[],"categories_sizes":[],"default_left":[1,1,0,0,0],"id":1,"left_children":[1,3,-1,-1,-1],"loss_changes":[4.455297E2,7.314987E-1,0E0,0E0,0E0],"parents":[2147483647,0,0,1,1],"right_children":[2,4,-1,-1,-1],"split_conditions":[9.65E1,1.59E2,4.48316E-1,-2.2331394E-1,-7.663455E-9],"split_indices":[2210,212,0,0,0],"split_type":[0,0,0,0,0],"sum_hessian":[3.9999997E2,1.3377777E2,2.662222E2,1.3244444E2,1.3333333E0],"tree_param":{"num_deleted":"0","num_feature":"3333","num_nodes":"5","size_leaf_vector":"0"}},{"base_weights":[-4.987532E-1,-7.311862E-1,1.4421594E0,9.6E-1,-7.42297E-1,1.464191E0,4.285714E-1,-3.2511625E-8,-7.4788344E-1,-4.2857146E-1,4.285714E-1],"categories":[],"categories_nodes":[],"categories_segments":[],"categories_sizes":[],"default_left":[1,0,1,0,1,0,0,1,0,0,0],"id":2,"left_children":[1,3,5,-1,7,-1,-1,9,-1,-1,-1],"loss_changes":[1.8195847E2,7.454193E0,3.3769226E-1,0E0,1.4804077E0,0E0,0E0,8.571428E-1,0E0,0E0,0E0],"parents":[2147483647,0,0,1,1,2,2,4,4,7,7],"right_children":[2,4,6,-1,8,-1,-1,10,-1,-1,-1],"split_conditions":[1.635E2,9E0,3.85E1,2.8800002E-1,6.85E1,4.392573E-1,1.2857142E-1,5.2E1,-2.2436504E-1,-1.2857145E-1,1.2857142E-1],"split_indices":[2111,33,1,0,2100,0,0,11,0,0,0],"split_type":[0,0,0,0,0,0,0,0,0,0,0],"sum_hessian":[3.9999997E2,3.5777777E2,4.222222E1,1.7777777E0,3.5599997E2,4.0888885E1,1.3333333E0,2.6666665E0,3.533333E2,1.3333333E0,1.3333333E0],"tree_param":{"num_deleted":"0","num_feature":"3333","num_nodes":"11","size_leaf_vector":"0"}},{"base_weights":[-2.0757374E-1,-6.66874E-1,1.0022817E0],"categories":[],"categories_nodes":[],"categories_segments":[],"categories_sizes":[],"default_left":[1,0,0],"id":3,"left_children":[1,-1,-1],"loss_changes":[2.0379486E2,0E0,0E0],"parents":[2147483647,0,0],"right_children":[2,-1,-1],"split_conditions":[1.73E2,-2.000622E-1,3.006845E-1],"split_indices":[3,0,0],"split_type":[0,0,0],"sum_hessian":[3.6454123E2,2.64556E2,9.998522E1],"tree_param":{"num_deleted":"0","num_feature":"3333","num_nodes":"3","size_leaf_vector":"0"}},{"base_weights":[5.4728013E-1,-6.649655E-1,1.0058299E0,3.179699E-1,1.0079318E0],"categories":[],"categories_nodes":[],"categories_segments":[],"categories_sizes":[],"default_left":[1,0,1,0,0],"id":4,"left_children":[1,-1,3,-1,-1],"loss_changes":[2.3120898E2,0E0,1.1514282E-1,0E0,0E0],"parents":[2147483647,0,0,2,2],"right_children":[2,-1,4,-1,-1],"split_conditions":[9.3E1,-1.9948967E-1,1.55E1,9.539097E-2,3.0237955E-1],"split_indices":[2210,0,3,0,0],"split_type":[0,0,0,0,0],"sum_hessian":[4.1373383E2,1.134257E2,3.003081E2,1.3787485E0,2.9892935E2],"tree_param":{"num_deleted":"0","num_feature":"3333","num_nodes":"5","size_leaf_vector":"0"}},{"base_weights":[-4.2776105E-1,9.209595E-1,-6.613497E-1,-4.853079E-1,1.0051275E0,-6.671308E-1,-1.8548252E-1,3.551772E-1,-4.853079E-1],"categories":[],"categories_nodes":[],"categories_segments":[],"categories_sizes":[],"default_left":[1,1,1,0,0,0,1,0,0],"id":5,"left_children":[1,3,5,-1,-1,-1,7,-1,-1],"loss_changes":[1.1189323E2,6.7094E0,7.0617676E-1,0E0,0E0,0E0,9.8385465E-1,0E0,0E0],"parents":[2147483647,0,0,1,1,2,2,6,6],"right_children":[2,4,6,-1,-1,-1,8,-1,-1],"split_conditions":[3.2E1,5.85E1,7.75E1,-1.4559238E-1,3.015383E-1,-2.0013925E-1,4.45E1,1.0655316E-1,-1.4559238E-1],"split_indices":[331,222,1110,0,0,0,3,0,0],"split_type":[0,0,0,0,0,0,0,0,0],"sum_hessian":[3.522317E2,5.1563847E1,3.0066785E2,2.6427777E0,4.8921066E1,2.9666187E2,4.0059643E0,1.3631866E0,2.6427777E0],"tree_param":{"num_deleted":"0","num_feature":"3333","num_nodes":"9","size_leaf_vector":"0"}},{"base_weights":[-1.8378408E-1,-6.156329E-1,8.0209E-1],"categories":[],"categories_nodes":[],"categories_segments":[],"categories_sizes":[],"default_left":[1,0,0],"id":6,"left_children":[1,-1,-1],"loss_changes":[1.33421E2,0E0,0E0],"parents":[2147483647,0,0],"right_children":[2,-1,-1],"split_conditions":[1.73E2,-1.8468988E-1,2.40627E-1],"split_indices":[3,0,0],"split_type":[0,0,0],"sum_hessian":[3.1122E2,2.1668124E2,9.453875E1],"tree_param":{"num_deleted":"0","num_feature":"3333","num_nodes":"3","size_leaf_vector":"0"}},{"base_weights":[4.5397133E-1,-6.132579E-1,8.0520415E-1,2.2554092E-1,8.0709E-1],"categories":[],"categories_nodes":[],"categories_segments":[],"categories_sizes":[],"default_left":[1,0,1,0,0],"id":7,"left_children":[1,-1,3,-1,-1],"loss_changes":[1.4215393E2,0E0,1.292572E-1,0E0,0E0],"parents":[2147483647,0,0,2,2],"right_children":[2,-1,4,-1,-1],"split_conditions":[9.3E1,-1.8397737E-1,2.4E1,6.766228E-2,2.42127E-1],"split_indices":[2210,0,31,0,0],"split_type":[0,0,0,0,0],"sum_hessian":[3.7691565E2,9.314533E1,2.837703E2,1.311271E0,2.8245905E2],"tree_param":{"num_deleted":"0","num_feature":"3333","num_nodes":"5","size_leaf_vector":"0"}},{"base_weights":[-3.853755E-1,7.3709345E-1,-6.097037E-1,-4.3549198E-1,8.021219E-1,-1.3238074E-1,-6.1594266E-1,3.2546982E-1,-4.2310157E-1],"categories":[],"categories_nodes":[],"categories_segments":[],"categories_sizes":[],"default_left":[1,1,1,0,0,1,0,0,0],"id":8,"left_children":[1,3,5,-1,-1,7,-1,-1,-1],"loss_changes":[7.505496E1,4.146906E0,6.554642E-1,0E0,0E0,7.322713E-1,0E0,0E0,0E0],"parents":[2147483647,0,0,1,1,2,2,5,5],"right_children":[2,4,6,-1,-1,8,-1,-1,-1],"split_conditions":[3.2E1,5.85E1,5.75E1,-1.306476E-1,2.4063657E-1,1.005E2,-1.847828E-1,9.7640954E-2,-1.2693048E-1],"split_indices":[331,222,321,0,0,1,0,0,0],"split_type":[0,0,0,0,0,0,0,0,0],"sum_hessian":[2.9528717E2,4.8803547E1,2.4648363E2,2.2649665E0,4.653858E1,3.4668267E0,2.430168E2,1.2999825E0,2.1668441E0],"tree_param":{"num_deleted":"0","num_feature":"3333","num_nodes":"9","size_leaf_vector":"0"}},{"base_weights":[-1.6854288E-1,-5.8103985E-1,6.9497913E-1],"categories":[],"categories_nodes":[],"categories_segments":[],"categories_sizes":[],"default_left":[1,0,0],"id":9,"left_children":[1,-1,-1],"loss_changes":[9.159868E1,0E0,0E0],"parents":[2147483647,0,0],"right_children":[2,-1,-1],"split_conditions":[1.73E2,-1.7431197E-1,2.0849375E-1],"split_indices":[3,0,0],"split_type":[0,0,0],"sum_hessian":[2.5502138E2,1.7280234E2,8.221905E1],"tree_param":{"num_deleted":"0","num_feature":"3333","num_nodes":"3","size_leaf_vector":"0"}},{"base_weights":[4.008821E-1,-5.778324E-1,6.977505E-1,6.9965184E-1,1.6031492E-1],"categories":[],"categories_nodes":[],"categories_segments":[],"categories_sizes":[],"default_left":[1,0,1,0,0],"id":10,"left_children":[1,-1,3,-1,-1],"loss_changes":[9.3929955E1,0E0,1.4067078E-1,0E0,0E0],"parents":[2147483647,0,0,2,2],"right_children":[2,-1,4,-1,-1],"split_conditions":[9.3E1,-1.7334972E-1,1.395E2,2.0989557E-1,4.8094478E-2],"split_indices":[2210,0,1022,0,0],"split_type":[0,0,0,0,0],"sum_hessian":[3.208962E2,7.446242E1,2.4643379E2,2.4526428E2,1.1695131E0],"tree_param":{"num_deleted":"0","num_feature":"3333","num_nodes":"5","size_leaf_vector":"0"}},{"base_weights":[-3.5741407E-1,6.5986323E-1,-5.6989753E-1,-3.14271E-1,6.9376296E-1,-5.8145183E-1,3.8451594E-1],"categories":[],"categories_nodes":[],"categories_segments":[],"categories_sizes":[],"default_left":[1,1,1,0,0,0,0],"id":11,