{"learner":{"attributes":{"best_iteration":"9","best_ntree_limit":"10"},"feature_names":[],"feature_types":[],"gradient_booster":{"model":{"gbtree_model_param":{"num_parallel_tree":"1","num_trees":"20","size_leaf_vector":"0"},"tree_info":[0,1,0,1,0,1,0,1,0,1,0,1,0,1,0,1,0,1,0,1],"trees":[{"base_weights":[-4.9751243E-1,8.181818E-1,-9.863946E-1,9.8E-1,-6.666667E-1,-9.931507E-1,-0E0,-8E-1,-0E0],"categories":[],"categories_nodes":[],"categories_segments":[],"categories_sizes":[],"default_left":[1,1,1,0,1,0,0,0,0],"id":0,"left_children":[1,3,5,-1,7,-1,-1,-1,-1],"loss_changes":[1.3009415E2,1.3868488E1,9.796448E-1,0E0,5.333333E-1,0E0,0E0,0E0,0E0],"parents":[2147483647,0,0,1,1,2,2,4,4],"right_children":[2,4,6,-1,8,-1,-1,-1,-1],"split_conditions":[7.45E1,1.265E2,5.75E1,2.9400003E-1,2.255E2,-2.9794523E-1,-0E0,-2.4000001E-1,-0E0],"split_indices":[130,320,201,0,2,0,0,0,0],"split_type":[0,0,0,0,0,0,0,0,0],"sum_hessian":[2E2,5.4E1,1.46E2,4.9E1,5E0,1.45E2,1E0,4E0,1E0],"tree_param":{"num_deleted":"0","num_feature":"3333","num_nodes":"9","size_leaf_vector":"0"}},{"base_weights":[4.9751243E-1,-8.181818E-1,9.863946E-1,-9.8E-1,6.666667E-1,9.931507E-1,-0E0,8E-1,-0E0],"categories":[],"categories_nodes":[],"categories_segments":[],"categories_sizes":[],"default_left":[1,1,1,0,1,0,0,0,0],"id":1,"left_children":[1,3,5,-1,7,-1,-1,-1,-1],"loss_changes":[1.3009415E2,1.3868488E1,9.796448E-1,0E0,5.333333E-1,0E0,0E0,0E0,0E0],"parents":[2147483647,0,0,1,1,2,2,4,4],"right_children":[2,4,6,-1,8,-1,-1,-1,-1],"split_conditions":[7.45E1,1.265E2,5.75E1,-2.9400003E-1,2.255E2,2.9794523E-1,-0E0,2.4000001E-1,-0E0],"split_indices":[130,320,201,0,2,0,0,0,0],"split_type":[0,0,0,0,0,0,0,0,0],"sum_hessian":[2E2,5.4E1,1.46E2,4.9E1,5E0,1.45E2,1E0,4E0,1E0],"tree_param":{"num_deleted":"0","num_feature":"3333","num_nodes":"9","size_leaf_vector":"0"}},{"base_weights":[-3.8507175E-1,-7.262448E-1,7.458775E-1,3.9499885E-1,-7.6705056E-1,1.510265E-1,7.618119E-1,6.210586E-1,-1.6949318E-1,-7.721969E-1,-1.4880744E-1],"categories":[],"categories_nodes":[],"categories_segments":[],"categories_sizes":[],"default_left":[1,1,1,1,1,0,0,0,0,0,0],"id":2,"left_children":[1,3,5,7,9,-1,-1,-1,-1,-1,-1],"loss_changes":[7.178056E1,6.8157883E0,2.9519844E-1,8.2735693E-1,3.2317352E-1,0E0,0E0,0E0,0E0,0E0,0E0],"parents":[2147483647,0,0,1,1,2,2,3,3,4,4],"right_children":[2,4,6,8,10,-1,-1,-1,-1,-1,-1],"split_conditions":[5.55E1,6.9E1,1.745E2,1.07E2,1.69E2,4.5307953E-2,2.2854358E-1,1.8631758E-1,-5.084796E-2,-2.3165907E-1,-4.4642232E-2],"split_indices":[222,130,2,13,1000,0,0,0,0,0,0],"split_type":[0,0,0,0,0,0,0,0,0,0,0],"sum_hessian":[1.8362871E2,1.4134659E2,4.2282127E1,4.6586313E0,1.3668796E2,1.3764261E0,4.09057E1,3.254934E0,1.4036975E0,1.3531256E2,1.3753853E0],"tree_param":{"num_deleted":"0","num_feature":"3333","num_nodes":"11","size_leaf_vector":"0"}},{"base_weights":[3.8507175E-1,7.2624475E-1,-7.458775E-1,-3.9499885E-1,7.670505E-1,-1.5102649E-1,-7.618119E-1,-6.210586E-1,1.6949318E-1,7.721969E-1,1.4880745E-1],"categories":[],"categories_nodes":[],"categories_segments":[],"categories_sizes":[],"default_left":[1,1,1,1,1,0,0,0,0,0,0],"id":3,"left_children":[1,3,5,7,9,-1,-1,-1,-1,-1,-1],"loss_changes":[7.178056E1,6.815796E0,2.9520035E-1,8.2735693E-1,3.2317352E-1,0E0,0E0,0E0,0E0,0E0,0E0],"parents":[2147483647,0,0,1,1,2,2,3,3,4,4],"right_children":[2,4,6,8,10,-1,-1,-1,-1,-1,-1],"split_conditions":[5.55E1,6.9E1,1.745E2,1.07E2,1.69E2,-4.530795E-2,-2.2854358E-1,-1.8631758E-1,5.084796E-2,2.3165907E-1,4.4642236E-2],"split_indices":[222,130,2,13,1000,0,0,0,0,0,0],"split_type":[0,0,0,0,0,0,0,0,0,0,0],"sum_hessian":[1.8362872E2,1.413466E2,4.2282127E1,4.6586313E0,1.3668797E2,1.3764262E0,4.09057E1,3.254934E0,1.4036975E0,1.3531258E2,1.3753853E0],"tree_param":{"num_deleted":"0","num_feature":"3333","num_nodes":"11","size_leaf_vector":"0"}},{"base_weights":[-3.301657E-1,5.4388046E-1,-6.628959E-1,-4.554387E-1,6.649534E-1,-5.681909E-2,-6.691067E-1,-8.0202796E-2,-5.549875E-1],"categories":[],"categories_nodes":[],"categories_segments":[],"categories_sizes":[],"default_left":[1,1,1,1,0,0,0,0,0],"id":4,"left_children":[1,3,5,7,-1,-1,-1,-1,-1],"loss_changes":[4.5570145E1,5.55517E0,3.8750458E-1,1.5289211E-1,0E0,0E0,0E0,0E0,0E0],"parents":[2147483647,0,0,1,1,2,2,3,3],"right_children":[2,4,6,8,-1,-1,-1,-1,-1],"split_conditions":[7.45E1,4.35E1,6.1E1,1.095E2,1.9948603E-1,-1.7045727E-2,-2.0073202E-1,-2.406084E-2,-1.6649625E-1],"split_indices":[130,1022,213,13,0,0,0,0,0],"split_type":[0,0,0,0,0,0,0,0,0],"sum_hessian":[1.5445482E2,4.2411034E1,1.12043785E2,4.28463E0,3.8126404E1,1.239466E0,1.1080431E2,1.2769607E0,3.007669E0],"tree_param":{"num_deleted":"0","num_feature":"3333","num_nodes":"9","size_leaf_vector":"0"}},{"base_weights":[3.3016568E-1,-5.438805E-1,6.628959E-1,4.554387E-1,-6.6495353E-1,5.6819063E-2,6.691067E-1,8.0202796E-2,5.5498755E-1],"categories":[],"categories_nodes":[],"categories_segments":[],"categories_sizes":[],"default_left":[1,1,1,1,0,0,0,0,0],"id":5,"left_children":[1,3,5,7,-1,-1,-1,-1,-1],"loss_changes":[4.5570152E1,5.555171E0,3.8750458E-1,1.5289211E-1,0E0,0E0,0E0,0E0,0E0],"parents":[2147483647,0,0,1,1,2,2,3,3],"right_children":[2,4,6,8,-1,-1,-1,-1,-1],"split_conditions":[7.45E1,4.35E1,6.1E1,1.095E2,-1.9948606E-1,1.704572E-2,2.0073202E-1,2.406084E-2,1.6649628E-1],"split_indices":[130,1022,213,13,0,0,0,0,0],"split_type":[0,0,0,0,0,0,0,0,0],"sum_hessian":[1.5445482E2,4.2411034E1,1.12043785E2,4.28463E0,3.8126404E1,1.239466E0,1.1080431E2,1.2769607E0,3.007669E0],"tree_param":{"num_deleted":"0","num_feature":"3333","num_nodes":"9","size_leaf_vector":"0"}},{"base_weights":[-2.997789E-1,-5.8626056E-1,5.3492314E-1,-6.074212E-1,1.1318362E-1,-2.9879394E-1,6.03392E-1,-6.126301E-1,-7.53168E-2,4.3297178E-1,-3.3630288E-1],"categories":[],"categories_nodes":[],"categories_segments":[],"categories_sizes":[],"default_left":[1,1,0,1,1,0,0,0,0,0,0],"id":6,"left_children":[1,3,5,7,9,-1,-1,-1,-1,-1,-1],"loss_changes":[3.034099E1,1.4594612E0,2.0416985E0,2.0708466E-1,6.633849E-1,0E0,0E0,0E0,0E0,0E0,0E0],"parents":[2147483647,0,0,1,1,2,2,3,3,4,4],"right_children":[2,4,6,8,10,-1,-1,-1,-1,-1,-1],"split_conditions":[4.95E1,1.63E2,1.15E1,1.83E2,1.175E2,-8.963819E-2,1.810176E-1,-1.8378904E-1,-2.259504E-2,1.2989154E-1,-1.0089087E-1],"split_indices":[2210,1000,1211,3200,1,0,0,0,0,0,0],"split_type":[0,0,0,0,0,0,0,0,0,0,0],"sum_hessian":[1.2457097E2,9.296253E1,3.160843E1,9.036038E1,2.6021538E0,2.1435356E0,2.9464895E1,8.933453E1,1.0258516E0,1.541904E0,1.0602497E0],"tree_param":{"num_deleted":"0","num_feature":"3333","num_nodes":"11","size_leaf_vector":"0"}},{"base_weights":[2.997788E-1,5.8626056E-1,-5.349232E-1,6.0742116E-1,-1.1318363E-1,2.9879388E-1,-6.03392E-1,6.1263007E-1,7.5316764E-2,-4.329718E-1,3.3630288E-1],"categories":[],"categories_nodes":[],"categories_segments":[],"categories_sizes":[],"default_left":[1,1,0,1,1,0,0,0,0,0,0],"id":7,"left_children":[1,3,5,7,9,-1,-1,-1,-1,-1,-1],"loss_changes":[3.0340994E1,1.4594612E0,2.0416985E0,2.0708466E-1,6.63385E-1,0E0,0E0,0E0,0E0,0E0,0E0],"parents":[2147483647,0,0,1,1,2,2,3,3,4,4],"right_children":[2,4,6,8,10,-1,-1,-1,-1,-1,-1],"split_conditions":[4.95E1,1.63E2,1.15E1,1.83E2,1.175E2,8.9638166E-2,-1.810176E-1,1.8378903E-1,2.259503E-2,-1.2989154E-1,1.0089087E-1],"split_indices":[2210,1000,1211,3200,1,0,0,0,0,0,0],"split_type":[0,0,0,0,0,0,0,0,0,0,0],"sum_hessian":[1.2457096E2,9.2962524E1,3.1608435E1,9.0360374E1,2.602154E0,2.1435354E0,2.9464901E1,8.933452E1,1.0258516E0,1.5419042E0,1.0602498E0],"tree_param":{"num_deleted":"0","num_feature":"3333","num_nodes":"11","size_leaf_vector":"0"}},{"base_weights":[-2.7842957E-1,5.305825E-1,-5.379847E-1,-1.0585106E-1,5.626279E-1,-5.6738687E-1,2.941286E-1,-5.7497036E-1,-1.7093318E-2],"categories":[],"categories_nodes":[],"categories_segments":[],"categories_sizes":[],"default_left":[1,1,1,0,0,1,0,0,0],"id":8,"left_children":[1,3,5,-1,-1,7,-1,-1,-1],"loss_changes":[2.1160921E1,5.6231403E-1,2.0205097E0,0E0,0E0,2.96978E-1,0E0,0E0,0E0],"parents":[2147483647,0,0,1,1,2,2,5,5],